date,clan,down,up,alpha,male,next_female
1997-01-19,M,M-082,M-007,yes,no,NA
1998-08-09,A,A-001,A-013,yes,no,NA
1998-10-08,N,N-006,N-008,yes,no,NA
2000-01-11,N,N-007,N-005,yes,no,NA
2000-02-08,F,F-001,F-002,yes,no,NA
2000-03-04,S,A-019,S-083,no,no,NA
2000-09-03,M,M-007,M-006,yes,no,NA
2001-09-19,S,S-082,A-018,no,no,NA
2001-10-13,S,S-083,A-019,yes,no,NA
2003-03-09,N,N-107,N-087,yes,no,NA
2003-08-11,M,M-082,M-088,no,no,NA
2004-06-18,A,A-013,A-114,yes,no,NA
2004-12-27,F,F-002,F-006,yes,no,NA
2005-06-16,L,L-088,L-222,yes,yes,L-160
2005-06-18,A,A-107,A-106,no,no,NA
2005-06-21,A,A-114,A-013,yes,no,NA
2005-07-30,L,L-088,L-205,no,no,NA
2005-08-03,L,L-139,L-102,no,no,NA
2005-08-03,L,L-222,L-205,yes,yes,L-160
2005-08-18,S,A-019,S-084,yes,no,NA
2006-02-19,S,S-084,S-105,yes,no,NA
2006-03-26,M,M-006,M-152,yes,no,NA
2006-10-30,L,L-190,L-132,no,no,NA
2007-05-23,M,M-242,M-243,no,no,NA
2007-12-19,M,M-152,M-238,yes,no,NA
2008-03-26,N,N-109,N-102,no,yes,N-108
2008-05-12,L,L-132,L-191,no,no,NA
2008-10-14,T,T-013,T-085,yes,no,NA
2008-11-11,N,N-087,N-127,yes,no,NA
2008-11-23,A,A-102,A-106,no,no,NA
2009-04-08,F,F-006,F-107,yes,no,NA
2009-04-11,L,L-190,L-015,no,no,NA
2009-07-04,L,L-300,L-206,no,no,NA
2009-07-15,A,A-204,A-116,no,no,NA
2009-08-07,M,M-310,M-122,yes,yes,M-279
2010-02-03,M,M-147,M-295,no,no,NA
2010-04-14,L,L-156,L-084,no,no,NA
2010-12-11,S,S-144,S-116,no,no,NA
2011-02-01,M,M-099,M-272,no,no,NA
2011-08-18,M,M-279,M-295,no,no,NA
2011-11-28,E,E-220,E-166,yes,no,NA
2012-05-29,A,A-308,A-129,no,yes,A-273
2013-05-21,M,M-376,M-295,yes,no,NA
2014-05-08,F,F-107,F-136,yes,no,NA
2014-05-11,S,S-208,S-193,yes,no,NA
2014-05-22,T,T-085,T-014,yes,no,NA
2014-05-23,S,S-208,S-165,no,no,NA
2016-02-17,F,F-215,F-107,yes,no,NA
2016-12-05,L,L-474,L-462,yes,no,NA
2016-12-09,S,S-193,S-165,yes,no,NA
2016-12-09,S,S-208,S-152,no,no,NA
2017-10-29,L,L-442,L-425,no,no,NA
2018-02-12,M,M-295,M-414,yes,no,NA
2018-02-14,M,M-376,M-363,no,no,NA
2018-02-25,N,N-172,N-143,yes,no,NA
2018-05-18,T,T-171,T-135,yes,yes,T-157
2019-02-15,S,S-165,S-235,yes,no,NA
