denname,latitude,longitude,altitude,habitat,soil,clan1,clan2,clan3,type1,type2,observer
Kongoni,-3.04389,35.98701,,FOR,earth,X,,,comm,,
Kibiriti,-3.10083,35.64133,,airstrip/bush,earth,U,,,comm,,
Mbali,-3.11833,35.59333,,HER/GRM,earth,M,,,comm,,
Esere,-3.12158,35.54016,,GRS,earth,E,,,comm,,OH+PN
Eden,-3.12226,35.53609,,GRL,earth,E,,,comm,,PN
Eklat,-3.12289,35.52527,,GRS,earth,E,,,comm,,OH
Kilusu,-3.12417,35.69583,,FOR,earth,C,,,comm,,
Efendi,-3.12487,35.52713,1761.58,GRM,earth,E,,,comm,,OH
Antiweeb,-3.12675,35.53082,,GRS,earth,A,,,comm,,
Easter-20,-3.12684,35.53132,,GRL,earth,E,,,comm,,PN
Erasmus 2,-3.12907,35.54004,,HER,,E,,,comm,,PN
Erasmus,-3.12969,35.54132,,HER,earth,E,,,comm,,
Eskimo,-3.12977,35.53288,,GRL,earth,E,,,comm,,PN
Eskimo 2,-3.13004,35.53140,,GRL,earth,E,,,comm,,PN
Esirwa,-3.13032,35.55963,,GRL,,E,,,comm,,
Elfin,-3.13220,35.54068,,GRM,,E,,,comm,,DM+PN
Ella,-3.13251,35.54506,,GRM,,E,,,comm,,DM+PN
Jackal,-3.13268,35.51764,,ERO,earth,A,,,comm,,
E-culvert,-3.13269,35.56344,,ROC,metal,E,,,comm,,
Aquarius,-3.13384,35.51802,,GRL,earth,,,,comm,,
Ekalara,-3.13416,35.54772,2742,GRM,earth,E,,,comm,,PN
Arkona,-3.13500,35.51172,,ERO,ss,A,,,comm,,
A559-den,-3.13541,35.52783,1750.9,GRS,earth,A,,,comm,,OH
E-003 birth 2,-3.13572,35.53826,,HER,earth,E,,,birth E-003,,
Ananas,-3.13581,35.51901,,,,A,,,,,
Amilo,-3.13680,35.53184,,HER,earth,A,,,comm,,
Asteroid,-3.13777,35.53363,,HER,earth,A,,,comm,,
Addis,-3.13786,35.50866,,ERO,ss,A,,,comm,,
Astero 2,-3.13793,35.53269,1751.4,GRS,earth,A,,,comm,,OH
Engitati,-3.13830,35.54683,,GRL,earth,E,,,comm,,
Alimama 2,-3.13842,35.50840,,GRS,earth,A,,,comm,,
Alimama,-3.13867,35.50650,,ERO,ss,A,,,comm,birth A-080,
Mount,-3.13917,35.59683,,GRM,earth,M,,,comm,,
Alikaka,-3.13933,35.49833,,GRL,ss,A,,,comm,,
Alinani,-3.13933,35.49683,,ERO,ss,A,,,comm,,
Msitu,-3.13933,35.65493,,,,M,,,M-263 + M-315,,
Alto,-3.13962,35.50135,,ERO,ss,A,,,comm,,
Alibaba,-3.14017,35.50417,,ERO,ss,A,,,comm,,
Akwaba,-3.14028,35.50152,,ERO,ss,A,,,comm,,
Arena,-3.14033,35.49733,,ERO,ss,A,,,comm,,
Arte,-3.14044,35.50137,,ERO,earth,A,,,comm,,
Aakash,-3.14055,35.51064,,GRM,earth,A,,,comm,,
Abuela,-3.14056,35.51463,,GRS,earth,A,,,comm,,
Ampere,-3.14063,35.52895,,HER,earth,A,,,comm,,
Amarula,-3.14067,35.50383,,ERO,ss,A,,,comm,,
Giza,-3.14083,35.62433,,HER/GRS,earth,M,,,birth M-016,,
Adam 2,-3.14097,35.53215,1749.9,GRS,earth,A,,,comm,,OH
A-001 birth,-3.14117,35.50350,,ERO,ss,A,,,birth A-001,,
Alidada,-3.14117,35.50233,,ERO,ss,A,,,comm,,
Kunja birth,-3.14117,35.62483,,HER,earth,M,,,birth M-005,,
Mistery,-3.14117,35.62517,,GRS,earth,M,,,birth M-016,,
Aakash 2,-3.14159,35.51085,,GRS,earth,A,,,comm,,
Alarm,-3.14163,35.51515,,HER,earth,A,,,comm,,
Aligumu,-3.14167,35.50150,,ERO,ss,A,,,birth,,
Andangi,-3.14183,35.50300,,ERO,ss,A,,,A-081 + A-124,,
Giza 2,-3.14183,35.62500,,HER/GRS,earth,M,,,M-016 + cub,,
Amsterdam,-3.14212,35.53211,,GRS,,A,,,comm,,
Apache,-3.14230,35.51200,,GRS,earth,A,,,comm,,
Asparagus 3,-3.14239,35.49900,,ERO,earth,A,,,comm,,
Adam,-3.14246,35.53269,,burned/GRS,earth,A,,,comm,,
Mlima,-3.14283,35.59883,,GRS,earth,M,U,,comm,,
Asparagus,-3.14324,35.49950,,ERO,earth,A,,,comm,,
Maroni,-3.14333,35.61567,,GRM,earth,M,,,comm,,
Airolo,-3.14335,35.51222,,ERO,earth,A,,,comm,,
Airolo 2,-3.14348,35.51282,,HER,earth,A,,,comm,,OH
Emmi,-3.14365,35.57782,,GRM,earth,E,,,comm,,
Estime,-3.14396,35.56935,,GRS,earth,E,,,comm,,
Eufori 2,-3.14396,35.57131,,GRL,earth,E,,,comm,,
Eule,-3.14409,35.58722,,GRL,earth,E,,,comm,,
Argos 2,-3.14417,35.52467,,GRL,earth,A,,,comm,,
Eufori 4,-3.14420,35.57112,,GRL,,E,,,comm,,PN
Eilat,-3.14450,35.56917,,GRL,earth,E,,,comm,,
Evita,-3.14450,35.57150,,HER,earth,E,,,E-001 + cubs,,
E-001 birth,-3.14450,35.57483,,HER,earth,E,,,birth E-001,,
Engutoto,-3.14456,35.56919,,,,E,,,comm,,
Eufori,-3.14460,35.57403,,GRL,earth,E,,,comm,,
Eufori 3,-3.14484,35.57310,,GRL,,E,,,comm,,PN
Evita 2,-3.14485,35.57201,,,,E,,,comm,,
Alinghi,-3.14500,35.50150,,ERO,earth,A,,,comm,,
Eremit,-3.14500,35.57782,,GRS,earth,E,,,comm,,
Asparagus 2,-3.14519,35.49971,,ERO,earth,A,,,comm,,
Elimu,-3.14540,35.57602,,,,E,,,,,
Argos,-3.14550,35.52450,,GRL,earth,A,,,comm,,
Esapai,-3.14583,35.56767,,GRL,earth,E,,,comm,,
Eutaxy,-3.14597,35.56667,,,,E,,,comm,,
Adobe,-3.14613,35.50318,,ERO,earth,A,,,comm,,
A-135 birth,-3.14617,35.52347,,burned/GRS,earth,A,,,birth A-135,,
Estragon,-3.14617,35.56600,,GRL,earth,E,,,birth E-006,comm,
Mozart,-3.14623,35.61762,,GRM,earth,M,,,comm,,
Anoy,-3.14629,35.52776,,HER,earth,A,,,comm,,OH+ED
Argentina 5,-3.14632,35.52515,,HER,earth,A,,,comm,,OH+ED
Aroma,-3.14650,35.50100,,ERO,earth,A,,,comm,,
Engolong,-3.14650,35.56600,,GRL,earth,E,,,comm,,
Argos 3,-3.14660,35.52200,,burned/GRS,ss,A,,,comm,,
Argos 4,-3.14674,35.52294,,GRS,earth,A,,,comm,,
Empakai,-3.14700,35.57450,,GRL,earth,E,,,comm,,
Amani,-3.14710,35.49900,,burned/GRS,earth,A,,,comm,,
Argentina 2,-3.14713,35.52644,,GRS,earth,A,,,comm,,
Argentina 4,-3.14720,35.52762,,GRS,earth,A,,,comm,,
Ekenywa,-3.14733,35.57456,,,,E,,,,,
Ego,-3.14750,35.58883,,GRS,earth,E,,,birth E-085,,
Epa,-3.14750,35.57383,,HER,earth,E,,,birth E-001,,
Alone,-3.14767,35.49850,,ERO,earth,A,,,birth A-080,comm,
Engamat,-3.14767,35.56933,,HER,earth,E,,,comm,,
Eureka,-3.14767,35.56867,,GRL,earth,E,,,comm,,
A-313 birth,-3.14768,35.52590,,GRM,earth,A,,,comm,,
Argentina 3,-3.14790,35.52385,,GRS,earth,A,,,comm,,
Camp,-3.14792,35.62310,1827.958,GRS,,C,M,,comm,,PN+DM
E-003 birth,-3.14833,35.56683,,GRL,earth,E,,,birth E-003,,
Efeu,-3.14833,35.58000,,GRS,earth,E,,,comm,,
Erratum,-3.14837,35.56763,,GRS,earth,E,,,comm,,
Erratum 2,-3.14843,35.56747,,GRS,earth,E,,,comm,,
Crucial,-3.14867,35.62155,1822.492,GRS,,C,M,,comm,,PN+DM
Amrit,-3.14873,35.51888,,GRM,earth,A,,,comm,,
Argentina,-3.14897,35.52745,,ERO,ss,A,,,comm,,
Materuni,-3.14922,35.62342,,,,M,,,,,
Essig,-3.14948,35.56958,,GRS,earth,E,,,comm,,
Edeka,-3.14964,35.57532,,,,E,,,,,
Enjere,-3.14983,35.58050,,GRL,earth,E,,,comm,,
Adonis,-3.15007,35.49318,,ERO,ss,A,,,comm,,
Malaika,-3.15012,35.61867,,,,M,,,,,
Eros,-3.15033,35.58233,,GRL,earth,E,,,comm,,
Justine,-3.15033,35.61800,,HER/GRS,earth,M,,,comm,,
Agame,-3.15050,35.52083,,GRS,earth,A,,,comm,,
Milan,-3.15060,35.62235,,GRL,earth,M,,,comm,,
Marefu,-3.15067,35.62267,,HER,earth,M,,,comm,,
Amrit 2,-3.15070,35.51820,,GRS,earth,A,,,A-515,,
Echo,-3.15083,35.58400,,GRS,earth,E,,,birth E-003,comm,
Edelweiss,-3.15111,35.56479,,GRL,earth,E,,,comm,,
Eland,-3.15150,35.58617,,GRS,earth,E,,,E-006 + E-116,comm,
Area,-3.15167,35.51600,,GRM,earth,A,,,comm,,
Mahali,-3.15167,35.61733,,HER/GRS,earth,M,,,comm,,
Eagle,-3.15183,35.56500,,GRL,earth,E,,,comm,,
Eritrea,-3.15189,35.57170,,GRL,earth,E,,,comm,,
Micro,-3.15220,35.62182,,,,M,,,,,
Mega,-3.15233,35.62050,,GRS,earth,M,,,comm,,
Malaika2,-3.15233,35.62070,,,,M,,,,,
Ajira,-3.15249,35.51970,,,,A,,,comm,,
Azzurro,-3.15258,35.50686,,GRS,earth,A,,,comm,,
Mutschli,-3.15283,35.61383,,GRS,earth,M,,,comm,birth M-082,
Moli,-3.15317,35.62383,,HER,earth,M,,,comm,,
Misere,-3.15350,35.64365,,ROC,metal,M,,,comm,,
Mist 2,-3.15378,35.61298,,GRM,earth,M,,,comm,,
Mist,-3.15383,35.61367,,HER,earth,M,,,comm,,
Mali,-3.15400,35.62250,,HER,earth,M,,,comm,,
Mississippi,-3.15414,35.64460,,RIV,earth,M,,,comm,,
A-476 birth,-3.15486,35.51285,,,,A,,,comm,,PN
Lemming,-3.15497,35.56529,,GRS,earth,L,,,comm,,
Miro,-3.15567,35.61500,,GRS,earth,M,,,comm,,
Lac,-3.15587,35.56218,,GRS,earth,L,,,comm,,
Aliko,-3.15587,35.51095,,HER,earth,A,,,comm,,
Majani,-3.15617,35.61083,,HER,earth,M,,,comm,,
Coconut,-3.15633,35.67217,,ROC,metal,C,,,comm,,
Elbe,-3.15644,35.58002,,GRL,earth,E,,,comm,,
Mgeni,-3.15650,35.60950,,GRM,earth,M,,,comm,,
Muskat,-3.15667,35.60950,,GRM,earth,M,,,comm,,
Asterix,-3.15689,35.51405,,GRS,earth,A,,,comm,,
Lassi,-3.15698,35.56124,,GRS,earth,L,,,comm,,
Mango,-3.15710,35.61296,,GRS,earth,M,,,comm,,
Mazepa,-3.15721,35.58061,,GRS,earth,M,,,comm,,
Apache2,-3.15728,35.51213,,GRS,earth,A,,,comm,,
Limit,-3.15733,35.56500,,burned/GRS,earth,L,,,comm,,
Masala,-3.15733,35.60733,,GRM,earth,M,,,comm,,
Londo,-3.15743,35.57083,,GRS/HER,earth,L,,,comm,,OH+HM
Matata,-3.15750,35.59256,,GRS,earth,M,,,comm,,MM+HM
Alibara,-3.15783,35.49350,,ERO,ss,A,,,comm,,
Mia,-3.15800,35.60650,,HER,earth,M,,,comm,,
Mucki,-3.15800,35.59150,,GRM,earth,M,,,birth M-017,,
Messi,-3.15828,35.59359,,,,M,,,comm,,
Maki,-3.15833,35.58917,,GRM,earth,M,,,birth M-081,,
Manta,-3.15833,35.61700,,GRM,earth,M,,,comm,,
Morast,-3.15839,35.59083,,GRM,earth,M,,,comm,,
Maliki,-3.15840,35.58198,,HER,earth,M,,,comm,,
Mazaliwa,-3.15844,35.58795,,GRS,earth,M,,,comm,,PN+HM
Changa birth,-3.15850,35.60417,,ERO,earth,M,,,birth M-007,,
Mais,-3.15850,35.60383,,HER/GRS,earth,M,,,comm,,
Melange,-3.15866,35.58918,,GRM,earth,M,,,comm,,
Burned,-3.15867,35.58900,,HER,earth,M,,,birth M-006,,
Moldau 2 - same as Moldau?,-3.15871,35.58507,,GRS,earth,M,,,comm,,
Moldau,-3.15885,35.58514,,HER,earth,M,,,comm,,
Moldau 3,-3.15907,35.57891,,HER,earth,M,,,comm,,
Ethiopia,-3.15911,35.57628,,GRL,earth,E,,,comm,,
Birth L-523,-3.15915,35.57206,,,earth,M,,,birth L-523,,
Mais 2,-3.15917,35.60117,,HER/GRS,earth,M,,,comm,,
M-421_nest,-3.15929,35.61131,,GRM,,M,,,comm,,PN
Mape,-3.15967,35.59883,,,,M,,,comm,,
Mape 2,-3.15971,35.59931,,HER,earth,M,,,comm,,OH
Limette,-3.15985,35.56176,,GRS,earth,L,,,L-013 + L-255,,
Akili,-3.16027,35.51465,,GRS,earth,A,,,comm,,
Apalis,-3.16054,35.50818,,GRS,earth,A,,,comm,,
Lumix,-3.16073,35.56121,,,,L,,,,,
Milkyway,-3.16088,35.60778,,,,M,,,comm,,
Loft,-3.16100,35.56367,,HER,earth,L,,,comm,,
Marabara,-3.16100,35.63833,,,,M,,,comm,,
Larifari,-3.16133,35.56217,,GRL,earth,L,,,comm,,
Liwaza,-3.16146,35.57351,,GRS,earth,L,,,L-132 + L-245,,
Moru B,-3.16200,35.61533,,,,M,,,comm,,
Lagos,-3.16231,35.56209,,GRL,earth,L,,,comm,,
Leslie,-3.16232,35.56488,,GRS,earth,L,,,comm,,
Tisa birth,-3.16233,35.60767,,,,M,,,birth M-009,,
Moll,-3.16250,35.61567,,GRS,earth,M,,,comm,,
Lockdown 1,-3.16266,35.53823,,GRS,earth,L,,,comm,,
Lost,-3.16267,35.56550,,GRL,earth,L,,,comm,,
Lockdown 2,-3.16275,35.53550,,GRS,earth,L,,,comm,,
Love,-3.16275,35.57018,,GRM,earth,L,,,comm,,
Lava,-3.16278,35.56813,1742.103,,,L,,,comm,,MM+HM
Maielo,-3.16283,35.60350,,,,M,,,comm,,
Moru,-3.16283,35.61350,,,,M,,,comm,,
Moru C,-3.16300,35.61583,,,,M,,,comm,,
Fossa,-3.16305,35.49419,,ERO,earth,F,,,comm,,
Leuchtturm,-3.16310,35.58075,,GRS,earth,L,,,comm,,
Murgi,-3.16316,35.60426,,,,M,,,comm,,
Leipzig,-3.16333,35.56791,,HER,earth,L,,,comm,,
Levolosi,-3.16333,35.56769,,,,L,,,,,
Langu,-3.16347,35.56809,,GRS,earth,L,,,comm,,
Morani,-3.16383,35.61650,,,,M,,,comm,,
Madaraka,-3.16385,35.61295,,GRM,earth,M,,,comm,,PN
Mouse,-3.16400,35.61233,,GRS,earth,M,,,comm,,
Lappland,-3.16425,35.57247,,GRM,earth,L,,,comm,,
Mouse 2,-3.16445,35.61142,,GRS,earth,M,,,comm,,OH
Micky,-3.16483,35.61033,,GRS,earth,M,,,,,
Marsh,-3.16501,35.64666,,GRL,earth,M,,,comm,,
Lissabon,-3.16517,35.55000,,GRL,earth,L,,,comm,,
Lemagrut,-3.16523,35.55091,,,,L,,,comm,,
Lego 2,-3.16533,35.57600,,HER,earth,L,,,L-081,,
A-rest,-3.16550,35.51315,,GRS,earth,A,,,comm,,
Lisboa 2,-3.16560,35.54989,,GRS,earth,L,,,comm,,
Lego,-3.16567,35.57433,,HER,earth,L,,,comm,,
Askona,-3.16572,35.51182,,GRS,earth,A,,,comm,,
Lego 3,-3.16573,35.57577,,GRS,earth,L,,,comm,,
Lestat 2,-3.16576,35.56310,,GRS,earth,L,,,comm,,
Loop,-3.16587,35.55623,,GRM,earth,L,,,comm,,
Lemon,-3.16599,35.56317,,GRL,earth,L,,,comm,,
Lemburis,-3.16627,35.56079,,GRS,earth,L,,,comm,,
Lemburis 2,-3.16650,35.56548,,GRS,earth,L,,,L-282 with cub,,
Lisboa,-3.16683,35.54917,,GRL,earth,L,,,birth L-009,comm,
Mila,-3.16717,35.62600,,GRS,earth,M,,,comm,,
Lofot,-3.16744,35.55221,,GRS,earth,L,,,comm,,
Laikipia 2,-3.16773,35.54600,,GRS,earth,L,,,comm,,
Locki 2,-3.16775,35.55993,,HER,earth,L,,,comm,,
Lala,-3.16783,35.57617,,HER,earth,L,,,comm,,
Lontano,-3.16784,35.54269,,GRS,earth,L,,,comm,,
Lestat,-3.16826,35.56379,,GRS,earth,L,,,comm,,
Lekule,-3.16842,35.55689,,,,L,,,,,
Moonlight,-3.16845,35.62595,,,,M,,,comm,,
Mkuu,-3.16857,35.62635,,,,M,,,comm,,
L-275 birth 1,-3.16857,35.55641,,GRS,earth,L,,,birth L-275,,
Lakritz,-3.16883,35.57934,,GRS,earth,L,,,comm,,
Locki,-3.16900,35.55883,,ERO,ss,L,,,comm,birth L-008,
Lorelei,-3.16912,35.54528,,GRM,earth,L,,,comm,,
Laikipia 3,-3.16925,35.54320,,GRS,earth,L,,,comm,,
L-275 birth 2,-3.16930,35.55661,,GRS,earth,L,,,birth L-275,,
L-218 birth 1,-3.16936,35.55462,,GRS,earth,L,,,birth L-218,,
L-218 birth 2,-3.16936,35.55750,,GRS,earth,L,,,birth L-218,,
L-312 birth,-3.16955,35.54257,,GRS,earth,L,,,birth L-312,,PN
Logan,-3.16967,35.56411,,GRS,earth,L,,,comm,,
Mama,-3.16967,35.60050,,,,M,,,birth M-007,,
Moram culvert,-3.16990,35.62281,,ROC,metal,M,,,comm,,OH+ED
Liche,-3.16991,35.54528,,GRL,earth,L,,,comm,,
Loreto,-3.16994,35.54540,,GRL,earth,L,,,birth L-013,,
L-350_birth,-3.17022,35.56169,1741.165,,,L,,,L-350 birth,,PN
Lausiz,-3.17025,35.56629,,HER,earth,L,,,comm,,
Leitolya,-3.17045,35.55326,,,,L,,,comm,,
Loreto 2,-3.17047,35.55321,,GRM,earth,L,,,comm,,
Lustig,-3.17075,35.58342,,GRS,earth,L,,,comm,,
Ashenale,-3.17075,35.51817,,,,A,,,comm,,
Aramis,-3.17100,35.49800,,ERO,ss,A,,,comm,,
Leck,-3.17101,35.56202,,GRS,earth,L,,,L-160 with cub,,
Monsoon,-3.17167,35.62274,,,,M,,,comm,,
Luchs,-3.17167,35.57333,,GRM,earth,L,,,comm,,
Lori,-3.17196,35.58156,,GRS,earth,L,,,birth L-084,,
Mingi,-3.17200,35.60167,,,,M,,,comm,,
Lebkuchen,-3.17220,35.58180,,GRS,earth,L,,,comm,,
Mistral,-3.17249,35.61936,,,,M,,,comm,,
Mare,-3.17267,35.60050,,,,M,,,comm,,
Swala birth,-3.17333,35.57750,,HER,earth,L,,,birth L-101,,
Luzern 2,-3.17336,35.57900,,GRS,earth,L,,,comm,,
Luzern,-3.17337,35.57937,,GRS,earth,L,,,comm,,
Lizard,-3.17383,35.59333,,HER,earth,L,,,comm,,
Lomako,-3.17384,35.58137,,GRS,earth,L,,,L-084 + cubs,,
Merenge,-3.17417,35.61550,,,,M,,,comm,,
Musk,-3.17433,35.61650,,,,M,,,comm,,
Mandi,-3.17450,35.59533,,HER,earth,M,L,,comm,,
Lindi,-3.17467,35.55083,,GRS,ss,L,,,comm,,
Mumbe,-3.17467,35.62917,,GRS,earth,M,N,,comm,,
Tambaa birth,-3.17500,35.61150,,GRS,sg,M,,,birth M-006,,
Leguan,-3.17517,35.58667,,HER,earth,L,,,comm,,
Afghan,-3.17518,35.51444,,HER,earth,A,,,comm,,
Mogli,-3.17533,35.59767,,GRS,earth,M,,,comm,,
Lalibela,-3.17536,35.57866,,GRS,earth,L,,,comm,,
Little,-3.17543,35.58091,,GRS,earth,L,,,birth L-139,,
Limuko,-3.17567,35.59000,,GRM,earth,L,,,comm,,
Moram,-3.17567,35.61283,,GRM,earth,M,,,comm,,
Fortune,-3.17582,35.50900,,GRS,earth,F,,,comm,,PN
Old,-3.17617,35.59900,,GRS,earth,M,,,comm,,
Moon,-3.17633,35.59217,,HER,earth,M,L,,comm,,
Mzee,-3.17633,35.59967,,,,M,,,,,
Lerai,-3.17642,35.57463,,GRS,earth,L,,,birth L-151,,
Look,-3.17667,35.57533,,GRS,earth,L,,,comm,,
L-516 birth,-3.17694,35.55200,,LKS,,L,,,birth L-516,,PN
Milkyway 2,-3.17695,35.62975,,,,M,,,comm,,
Langeness,-3.17701,35.58006,,GRS,earth,L,,,comm,,
Nyuki 2,-3.17712,35.62974,,GRS,earth,M,,,comm,,
Losirua,-3.17717,35.57883,,GRS,earth,L,,,comm,,
Lifti,-3.17733,35.59083,,GRS,earth,L,,,comm,,
Mozza,-3.17741,35.60326,,GRS,earth,M,,,comm,,
Nyuki 3,-3.17754,35.62845,,GRL,earth,M,,,comm,,
Nyuki 4,-3.17755,35.63049,,GRL,earth,M,,,comm,,
Nyuki 5,-3.17758,35.63205,,GRS,earth,M,,,comm,,
Maisha,-3.17763,35.63165,,,,M,,,comm,,
Nyuki,-3.17772,35.63089,,GRS,earth,N,,,comm,,
Legacy,-3.17779,35.55447,,GRS,earth,L,,,comm,,
Likiso,-3.17813,35.57951,,GRS,earth,L,,,comm,,
Lafayette,-3.17830,35.57042,,GRS,earth,L,,,comm,,
Luxus,-3.17833,35.56233,,ERO,ss,L,,,comm,,
Sumbua birth,-3.17833,35.56250,,ERO,ss,L,,,birth L-004,,
Maziwa,-3.17850,35.61067,,,,M,,,comm,,
Servela,-3.17879,35.59548,,HER,earth,S,,,comm,,
Landscape,-3.17883,35.56267,,GRM,ss,L,,,comm,,
Lufti,-3.17883,35.56967,,GRM,earth,L,,,comm,,
Libelle,-3.17916,35.57545,,GRS,earth,L,,,comm,,
Lake,-3.17917,35.57083,,GRM,earth,L,,,comm,,
Loeli,-3.17933,35.56900,,GRM,ss,L,,,L-095,,
Labda,-3.17950,35.59150,,GRM,earth,L,,,comm,,
Lappe,-3.17950,35.58633,,GRM,earth,L,,,birth L-008,,
Flake,-3.17952,35.51044,,GRS,earth,F,,,comm?,,
Flake 2,-3.17960,35.50807,,GRS,earth,F,,,comm,,PN
Lemur,-3.18017,35.58583,,HER,earth,L,,,comm,,
Mosi,-3.18017,35.59917,,GRS,earth,M,L,,comm,,
Makamu,-3.18018,35.61000,1781.735,GRM,earth,M,,,communal,,PN+MM
Lengai,-3.18033,35.56867,,GRS,earth,L,,,comm,birth L-084,
Loon,-3.18067,35.59067,,HER,earth,L,,,L-105 + L-106,,
Lumpi 2,-3.18067,35.58383,,GRL,earth,L,,,comm,,
Fear,-3.18100,35.49772,,ERO,earth,F,,,comm,,
Lupo,-3.18100,35.58183,,HER,earth,L,,,comm,,
Lupo 2,-3.18147,35.58160,,GRM,earth,L,,,comm,,
Lumpi,-3.18150,35.58300,,GRM,earth,L,,,comm,,
Large,-3.18157,35.58347,,GRS,earth,L,,,birth L-015,,
Lambada,-3.18167,35.58500,,GRM,earth,L,,,comm,,
Lugi,-3.18167,35.58117,,GRM,earth,L,,,comm,,
Fort,-3.18267,35.49817,,ERO,earth,F,,,comm,,
Milia birth,-3.18267,35.58400,,HER,earth,L,,,birth L-013,,
Nyonga,-3.18333,35.60367,,,,N,,,,,
Lick,-3.18367,35.58767,,HER,earth,L,,,comm,,
Lama,-3.18483,35.59600,,GRS,earth,L,,,comm,,
Lili,-3.18567,35.58500,,HER,earth,L,,,birth L-002,comm,
Simama,-3.18586,35.59449,,GRS,earth,S,,,comm,,
Falafel,-3.18600,35.49800,,GRM,earth,F,,,comm,,
Loriot,-3.18617,35.59467,,GRM,earth,L,,,comm,,
Surprise,-3.18643,35.57220,,GRS,earth,S,,,comm,,
Nero,-3.18650,35.62533,,GRS,earth,N,,,comm,,
Solitaire,-3.18691,35.59214,,GRS,earth,S,,,comm,,
Long grass,-3.18783,35.58417,,GRL,earth,L,,,comm,,
Lucky,-3.18783,35.56500,,GRS,earth,L,,,comm,,
Sakina,-3.18789,35.57246,,,,S,,,comm,,
Loliondo,-3.18900,35.58700,,HER,earth,L,,,L-101,,
Sydney,-3.18922,35.57112,,,,S,,,comm,,
Shamba_edge,-3.18928,35.58498,,GRM,,S,,,comm,,PN
Future,-3.18935,35.51322,,GRS,earth,F,,,comm,,
S-131 birth,-3.18939,35.57137,,HER,earth,S,,,birth S-131,,
Logo,-3.18950,35.58483,,HER,earth,L,,,birth L-011,,
Lome 4,-3.18950,35.59867,,GRS,earth,L,,,comm,,
Furahisha 2,-3.18992,35.50122,,HER,earth,F,,,comm,,
Lome 3,-3.19000,35.59733,,GRS,earth,L,,,comm,,
Nirvana,-3.19008,35.61617,,GRS,earth,N,,,comm,,
Frog,-3.19034,35.50080,,GRS,earth,F,,,,,
Nama,-3.19050,35.61483,,GRM,earth,N,,,N-087 + cubs,,
Nioka,-3.19083,35.61483,,HER,earth,N,,,comm,,
Naropa,-3.19089,35.61111,,GRS,earth,N,,,comm,,
S-166 birth,-3.19169,35.58886,,GRM,earth,S,,,,,
Furahisha,-3.19175,35.50096,,GRM,earth,F,,,comm,,
Luna,-3.19200,35.58667,,HER,earth,L,,,comm,,
Lome 2,-3.19233,35.59700,,GRS,earth,L,,,comm,,
Snoopy,-3.19246,35.56490,,GRS,earth,S,,,comm,,
Farsi,-3.19258,35.51404,,GRM,earth,F,,,comm,,
Lonely,-3.19283,35.56750,,HER,earth,L,,,comm,,
Falcon,-3.19335,35.51014,,,,F,,,comm,,
Fox,-3.19350,35.50017,,ERO,earth,F,,,comm,,
Logozo,-3.19350,35.57300,,GRM,ss,L,S,,comm,,
Looser,-3.19350,35.58933,,GRS,earth,L,,,comm,,
Lotus,-3.19400,35.58783,,GRM,earth,L,,,birth L-006,comm,
Loco,-3.19417,35.56417,,HER,earth,L,,,L-008 + cubs,,
Lome 1,-3.19417,35.59750,,GRS,earth,L,N,,comm,birth N-172,
Flexy,-3.19426,35.49787,,,,F,,,comm,,PN
Namanga,-3.19440,35.59750,,GRS,earth,N,,,birth N-089,,
Furahi 2,-3.19445,35.50088,,GRS,earth,F,,,comm,,
Furahi,-3.19467,35.49950,,GRS,earth,F,,,comm,,
Lasso,-3.19467,35.59533,,GRS,earth,L,,,comm,,
Festive,-3.19468,35.49959,,,,F,,,comm,,PN+LB
Naleng,-3.19489,35.60585,1761.988,grs,earth,N,,,communal,,PN+MM
Lobby,-3.19533,35.59767,,GRM,earth,L,,,comm,,
Shalisha,-3.19614,35.57681,1745.57,GRS,earth,S,,,comm,,PN
Sentinel,-3.19715,35.57960,,GRS,earth,S,,,comm,,PN
Fulani,-3.19617,35.50967,,GRL,earth,F,,,comm,,
S-082 birth,-3.19654,35.57302,,GRS,earth,S,,,birth S-082,,
Soleil,-3.19666,35.56847,,GRS,earth,S,,,comm,,
Sukari,-3.19672,35.57330,,GRL,earth,S,,,comm,,
Niumba,-3.19683,35.62067,,GRS,earth,N,,,birth N-003,,
Lulu,-3.19700,35.58767,,GRM,earth,L,,,birth L-005,,
Facile,-3.19711,35.51981,,GRS,earth,F,,,comm,,
Cili,-3.19783,35.58883,,HER,earth,L,,,birth L-001,,
Fondue,-3.19796,35.52027,,GRS,earth,F,,,comm,,
Cili 2,-3.19817,35.58783,,GRM,earth,L,,,L-011 + cub,,
S-138 birth,-3.19829,35.56772,,HER,earth,S,,,birth S-138,,
F-008 birth,-3.19867,35.51917,,GRL,earth,F,,,birth F-008,,
Sogea,-3.19900,35.57317,,HER/GRS,earth,S,,,comm,,
Floof 3,-3.19952,35.49630,,GRS,earth,F,,,comm,,
Fasta,-3.19956,35.51117,,GRS,earth,F,,,comm,,
Sikiria,-3.19983,35.57017,,GRS,earth,S,,,comm,,
Filimbi,-3.20000,35.51307,,GRS,earth,F,,,comm,,
Simple,-3.20002,35.57159,,HER/GRS,earth,S,,,comm,,
Sikiri 2,-3.20052,35.56937,,GRS,earth,S,,,comm,,
Shingo 2,-3.20056,35.57513,,GRS,earth,S,,,comm,,
Simple-Birth den,-3.20064,35.57121,,GRS,earth,S,,,,,
Fungo,-3.20069,35.50113,,GRS,earth,F,,,comm,,
Fahari,-3.20074,35.50305,,,,F,,,,,
Floof 2,-3.20083,35.49645,,GRS,earth,F,,,comm,,
S-152 birth,-3.20094,35.57096,,GRS,earth,S,,,birth S-152,,
Short 3,-3.20095,35.57820,,GRS,earth,S,,,comm,,
Folepi,-3.20100,35.51407,,GRS,earth,F,,,comm,,
Shingo,-3.20150,35.57434,,GRS,earth,S,,,birth S-082,,
Fadhila,-3.20151,35.49787,,GRM,,F,,,comm,,PN
S-193 birth,-3.20168,35.56974,,GRS,earth,S,,,,,
Flower mound,-3.20173,35.50132,,GRS,,F,,,comm,,PN
F-099 birth,-3.20177,35.52113,,ERO,earth,F,,,birth F-099,comm,
Fanta,-3.20183,35.51417,,HER,earth,F,,,birth F-007,,
S-culvert,-3.20189,35.58952,,ROC,metal,S,,,comm,,
Fumba,-3.20203,35.49615,,GRS,earth,F,,,comm,,PN
Short 2,-3.20220,35.57884,,GRM,earth,S,,,,,
Fix,-3.20236,35.52065,,GRS,earth,F,,,comm,,
Sungura,-3.20236,35.57739,,GRS,earth,S,,,comm,,
Short,-3.20247,35.57877,,GRS,earth,S,,,birth S-086,,
Smarties,-3.20247,35.57877,,GRS,earth,S,,,comm,,
S-247 birth,-3.20258,35.56686,,GRS,earth,S,,,comm,,PN
Smergol,-3.20264,35.56711,,GRS,earth,S,,,comm,,
Sampuli,-3.20272,35.56684,,,,S,,,comm,,
Floof,-3.20289,35.49702,,GRS,,F,,,comm,,
Folepi 2,-3.20303,35.51620,,GRS,earth,F,,,comm,,
Sandy,-3.20317,35.56783,,HER,earth,S,,,comm,,
Sobai 4,-3.20340,35.57546,,GRS,earth,S,,,comm,,
Sobai 2,-3.20344,35.57691,,GRS,earth,S,,,comm,,
Namba,-3.20350,35.60200,,GRM/HER,earth,N,,,comm,,
Lolo,-3.20367,35.57683,,HER,earth,L,,,L-001 + cubs,,
Sobai,-3.20367,35.57500,,burned,earth,S,,,comm,,
Sobai 3,-3.20373,35.57686,,GRS,earth,S,,,comm,,
Shist,-3.20377,35.58161,,GRS,earth,S,,,comm,,
Shari,-3.20413,35.57670,,ROC,metal,S,,,,,
S-234 birth,-3.20477,35.58193,,GRS,earth,S,,,birth S-234,,
Shumli 2,-3.20492,35.57088,,GRS,earth,S,,,comm,,
S-408 cozy,-3.20537,35.58071,,GRM,,S,,,comm,,PN
Shumli 3,-3.20549,35.57423,,GRS,earth,S,,,,,
Shumli 4,-3.20554,35.57826,,GRM,earth,S,,,comm,,OH+ED
Fancy,-3.20560,35.50579,,GRS,earth,F,,,comm,,PN
Lima,-3.20567,35.57850,,HER,earth,L,,,comm,,
Sabaya,-3.20568,35.58299,,,,S,,,comm,,
Shumli,-3.20572,35.57724,,GRS,earth,S,,,comm,,
Siri,-3.20600,35.57633,,GRS,earth,S,,,comm,,
Skol,-3.20624,35.57996,,GRS,earth,S,,,comm,,OH+ED
Niuma,-3.20667,35.62200,,GRS,earth,N,,,comm,,
Siri 2,-3.20669,35.57573,,GRS,earth,S,,,,birth S-008,
Sari/RP,-3.20676,35.57413,,GRS,,S,,,comm,,PN
Sari,-3.20683,35.57150,,GRM,earth,S,,,birth S-018,,
Nossob,-3.20684,35.60404,,GRL,earth,N,,,comm,,
S-234 nest,-3.20706,35.57687,,GRM,earth,S,,,S-234 with cub,,OH+ED
Seldom,-3.20715,35.55991,,ROC,metal,S,,,,,
Samaritan,-3.20732,35.57553,,GRM,earth,S,,,comm,,OH+ED
Silaha,-3.20743,35.56261,,GRS,earth,S,,,comm,,
Safi,-3.20817,35.55167,,GRS,earth,S,,,S-099,,
Saibul,-3.20873,35.55882,,GRS,,S,,,comm,,
Nora,-3.20933,35.61550,,GRS,earth,N,,,birth N-001,,
Nogi,-3.21383,35.61517,,GRS,earth,N,,,birth N-007,,
Trabant,-3.21413,35.53462,,GRS,earth,T,,,comm,,
Trump,-3.21474,35.53930,,GRS,,T,,,comm,,
Savannah 2,-3.21528,35.57159,,GRS,,S,,,comm,,PN
Sindbad,-3.21602,35.56826,,GRS,earth,S,,,S-019 + cubs,comm,
Serengeti,-3.21707,35.56876,,GRS,earth,S,,,birth S-082,,
Single,-3.21728,35.56877,,GRS,earth,S,,,birth S-008,,
Shamba,-3.21833,35.56833,,ERO,ss,S,,,comm,,
Sallah,-3.21870,35.55785,,,,S,,,comm,,
Tripoli,-3.21885,35.53976,,,,T,,,comm,,
Savannah,-3.22064,35.57013,,GRS,earth,S,,,comm,,PN
Trupa,-3.22126,35.54278,,,,T,,,,,
Kimba,-3.22167,35.48050,,FOR,earth,K,,,comm,,
Tembo,-3.23517,35.51850,,GRL,earth,T,,,comm,,
Trudi,-3.23650,35.53217,,HER,earth,T,,,comm,,
Tango,-3.23720,35.52650,,GRM,earth,T,,,comm,,
Nilotic,-3.23824,35.58934,,GRL,,N,,,comm,,PN
Tupu,-3.23867,35.53333,,GRM,earth,T,,,comm,,
Takataka,-3.23883,35.53917,,GRL,earth,T,,,comm,,
Trauma,-3.23933,35.53217,,HER,earth,T,,,comm,,
Novelty,-3.24209,35.58746,,GRS,earth,N,,,comm,,
Triangle,-3.24583,35.56567,,GRM,earth,T,,,comm,,
