date,clan,name,higher,lower,description,reason,comments
1996-06-18,S,S-080,S-005,S-042,"assigned rank 2, between S-005 and S-042",mother unknown,
1996-12-26,A,A-093,A-019,A-014,"assigned rank 21, between A-019 and A-014",mother unknown,
1997-01-19,M,M-082,M-007,M-041,"M-082 drops to rank 2, between M-007 and M-041",female coup,
1997-04-09,M,L-044,L-045,N-045,"L-044 joins hierarchy in rank 41, between L-045 and N-045",male coup,
1997-09-08,T,T-014,T-013,T-009,"T-014 assigned rank 5, between T-013 and T-009",mother unknown,
1998-03-23,T,T-010,T-002,T-013,"T-010 assigned rank 4, between T-002 and T-013",mother unknown,
1998-04-06,M,N-045,N-042,A-056,"N-042 overtakes N-045 to go to rank 41, N-045 drops to rank 42",male coup,
1998-04-19,L,L-116,L-111,L-004,"L-116 adopted by L-088, joins hierarchy in rank 3, below L-111",adoption,enter rank when adopted cub joins another cub of the allo-mother or genetic cub is born after mother adopted another cub
1998-05-24,M,X-006,A-056,N-046,"X-006 drops to rank 40, between A-056 and N-046",male coup,
1998-05-25,M,M-008,A-056,X-006,"M-008 drops to rank 39, between A-056 and X-006",male coup,
1998-08-09,A,A-001,A-019,A-101,"A-001+A-101+A-089+A-084+A-018+A-046+A-010+A-080+A-054 drop to ranks 10-18, between A-019 and A-093",female coup,
1998-08-09,A,A-101,A-001,A-089,"A-001+A-101+A-089+A-084+A-018+A-046+A-010+A-080+A-054 drop to ranks 10-18, between A-019 and A-093",female coup,
1998-08-09,A,A-089,A-101,A-084,"A-001+A-101+A-089+A-084+A-018+A-046+A-010+A-080+A-054 drop to ranks 10-18, between A-019 and A-093",female coup,
1998-08-09,A,A-084,A-089,A-018,"A-001+A-101+A-089+A-084+A-018+A-046+A-010+A-080+A-054 drop to ranks 10-18, between A-019 and A-093",female coup,
1998-08-09,A,A-018,A-084,A-046,"A-001+A-101+A-089+A-084+A-018+A-046+A-010+A-080+A-054 drop to ranks 10-18, between A-019 and A-093",female coup,
1998-08-09,A,A-046,A-018,A-010,"A-001+A-101+A-089+A-084+A-018+A-046+A-010+A-080+A-054 drop to ranks 10-18, between A-019 and A-093",female coup,
1998-08-09,A,A-010,A-046,A-080,"A-001+A-101+A-089+A-084+A-018+A-046+A-010+A-080+A-054 drop to ranks 10-18, between A-019 and A-093",female coup,
1998-08-09,A,A-080,A-010,A-054,"A-001+A-101+A-089+A-084+A-018+A-046+A-010+A-080+A-054 drop to ranks 10-18, between A-019 and A-093",female coup,
1998-08-09,A,A-054,A-080,A-093,"A-001+A-101+A-089+A-084+A-018+A-046+A-010+A-080+A-054 drop to ranks 10-18, between A-019 and A-093",female coup,
1998-10-27,T,L-044,L-045,last,"L-044 drops to rank 15, below L-045",male coup,
1998-11-13,S,A-008,S-084,A-018,"A-008 assigned rank 6, between S-084 and A-018",female dispersal,
1999-04-06,M,R-080,N-046,A-087,"R-080+A-087 immigrate, dominant over A-087",immigrate on same date,
2000-02-04,F,F-044,S-042,L-083,"F-044 drops to rank 19, between S-042 and L-083",male coup,
2000-02-08,F,F-001,F-086,F-081,"F-001+F-081+F-007+F-088+F-089+F-045 drop to ranks 6-11, between F-086+F-004",female coup,
2000-02-08,F,F-081,F-001,F-007,"F-001+F-081+F-007+F-088+F-089+F-045 drop to ranks 6-11, between F-086+F-004",female coup,
2000-02-08,F,F-007,F-081,F-088,"F-001+F-081+F-007+F-088+F-089+F-045 drop to ranks 6-11, between F-086+F-004",female coup,
2000-02-08,F,F-088,F-007,F-089,"F-001+F-081+F-007+F-088+F-089+F-045 drop to ranks 6-11, between F-086+F-004",female coup,
2000-02-08,F,F-089,F-088,F-045,"F-001+F-081+F-007+F-088+F-089+F-045 drop to ranks 6-11, between F-086+F-004",female coup,
2000-02-08,F,F-045,F-089,F-004,"F-001+F-081+F-007+F-088+F-089+F-045 drop to ranks 6-11, between F-086+F-004",female coup,
2000-02-23,U,M-120,M-118,M-113,"M-120 joins hierarchy in rank 3, between M-118 and M-113",female dispersal,
2000-03-04,S,S-083,S-082,A-019,"S-083 increases to rank 3, between S-082 and A-019",female coup,
2000-06-20,T,T-092,T-086,T-007,"T-092 assigned rank 11, between T-086 and T-007",mother unknown,
2000-09-03,M,M-007,M-158,M-148,"M-007+M-148+M-149+M-132+M-133+M-100+M-140+M-141++M-082+M-129 drop to ranks 12-21, between M-158 and M-088",female coup,
2000-09-03,M,M-148,M-007,M-149,"M-007+M-148+M-149+M-132+M-133+M-100+M-140+M-141++M-082+M-129 drop to ranks 12-21, between M-158 and M-088",female coup,
2000-09-03,M,M-149,M-148,M-132,"M-007+M-148+M-149+M-132+M-133+M-100+M-140+M-141++M-082+M-129 drop to ranks 12-21, between M-158 and M-088",female coup,
2000-09-03,M,M-132,M-149,M-133,"M-007+M-148+M-149+M-132+M-133+M-100+M-140+M-141++M-082+M-129 drop to ranks 12-21, between M-158 and M-088",female coup,
2000-09-03,M,M-133,M-132,M-100,"M-007+M-148+M-149+M-132+M-133+M-100+M-140+M-141++M-082+M-129 drop to ranks 12-21, between M-158 and M-088",female coup,
2000-09-03,M,M-100,M-133,M-140,"M-007+M-148+M-149+M-132+M-133+M-100+M-140+M-141++M-082+M-129 drop to ranks 12-21, between M-158 and M-088",female coup,
2000-09-03,M,M-140,M-100,M-141,"M-007+M-148+M-149+M-132+M-133+M-100+M-140+M-141++M-082+M-129 drop to ranks 12-21, between M-158 and M-088",female coup,
2000-09-03,M,M-141,M-140,M-082,"M-007+M-148+M-149+M-132+M-133+M-100+M-140+M-141++M-082+M-129 drop to ranks 12-21, between M-158 and M-088",female coup,
2000-09-03,M,M-082,M-141,M-129,"M-007+M-148+M-149+M-132+M-133+M-100+M-140+M-141++M-082+M-129 drop to ranks 12-21, between M-158 and M-088",female coup,
2000-09-03,M,M-129,M-082,M-088,"M-007+M-148+M-149+M-132+M-133+M-100+M-140+M-141++M-082+M-129 drop to ranks 12-21, between M-158 and M-088",female coup,
2000-09-11,L,L-040,L-047,M-047,"L-040 drops to rank 52, between L-047 and M-047",male coup,
2000-10-17,S,S-080,S-085,S-082,"S-080+S-082 drop to ranks 8+9, between S-085 and A-018",female coup,
2000-10-17,S,S-082,S-080,A-018,"S-080+S-082 drop to ranks 8+9, between S-085 and A-018",female coup,
2001-07-13,A,M-141,A-092,L-118,"A-092, M-141+L-118 immigrate, enter hierarchy in ranks 58-60",immigrate on same date,
2001-07-21,A,L-095,X-017,L-128,"M-126+M-133+L-128 immigrate; L-095+L-128 increase in rank to ranks 58+59, between X-017 and A-092",immigrate on same date,
2001-07-21,A,L-128,L-095,A-092,"M-126+M-133+L-128 immigrate; L-095+L-128 increase in rank to ranks 58+59, between X-017 and A-092",immigrate on same date,
2001-07-26,L,F-084,X-014,M-104,"F-084 immigrates; joins hierarchy in rank 69, before M-104",male coup,
2001-07-31,A,X-024,X-017,L-095,"X-024+L-108 immigrate; X-024 joins hierarchy in rank 57, just below X-017, L-108 joins in rank 60, just below L-128",immigrate on same date,
2001-07-31,A,L-108,L-128,A-092,"X-024+L-108 immigrate; X-024 joins hierarchy in rank 57, just below X-017, L-108 joins in rank 60, just below L-128",immigrate on same date,
2001-08-11,S,X-019,L-106,A-085,X-019+A-085 immigrate; join hierarchy in ranks 26+25 (X-019 dominant over A-085),immigrate on same date,
2001-08-14,S,N-082,X-019,A-085,"N-082 joins hierarchy in rank 26, between X-019 and A-085",male coup,
2001-09-02,N,N-007,N-083,N-106,N-003 dominates N-007; assumed that whole N-003 matriline overtakes whole N-007 matriline,female coup,
2001-09-02,N,N-106,N-007,N-100,N-003 dominates N-007; assumed that whole N-003 matriline overtakes whole N-007 matriline,female coup,
2001-09-02,N,N-100,N-106,N-093,N-003 dominates N-007; assumed that whole N-003 matriline overtakes whole N-007 matriline,female coup,
2001-09-02,N,N-093,N-100,N-094,N-003 dominates N-007; assumed that whole N-003 matriline overtakes whole N-007 matriline,female coup,
2001-09-02,N,N-094,N-093,N-001,N-003 dominates N-007; assumed that whole N-003 matriline overtakes whole N-007 matriline,female coup,
2001-09-19,S,S-082,S-087,S-097,"S-082+S-097 drop to ranks 17+18, between S-087 and S-088",female coup,
2001-09-19,S,S-097,S-082,S-088,"S-082+S-097 drop to ranks 17+18, between S-087 and S-088",female coup,
2001-09-19,S,N-083,N-088,S-043,N-083 joins hierarchy in rank 29 (S-043 drops to rank 30),male coup,
2001-10-08,U,U-081,M-120,M-113,"U-081 joins hierarchy in rank 5, between M-120 and M-113",mother unknown,
2001-10-13,S,S-083,S-089,S-096,"S-083+S-096 drop to ranks 4+5, between S-089 and S-084",female coup,
2001-10-13,S,S-096,S-083,S-084,"S-083+S-096 drop to ranks 4+5, between S-089 and S-084",female coup,
2002-07-17,N,S-085,A-122,S-080,A-122+S-080+S-085 immigrate; join hierarchy in ranks 28+30+29,immigrate on same date,
2002-07-18,N,X-025,A-122,L-127,"X-025+L-127+S-087+N-082 immigrate; X-025+L-127 join hierarchy in ranks 28+29, between A-122 and S-085, S-087 joins in rank 31, between S-085 and S-080, N-082 joins in rank 33, the last rank",immigrate on same date,
2002-07-18,N,L-127,X-025,S-085,"X-025+L-127+S-087+N-082 immigrate; X-025+L-127 join hierarchy in ranks 28+29, between A-122 and S-085, S-087 joins in rank 31, between S-085 and S-080, N-082 joins in rank 33, the last rank",immigrate on same date,
2002-07-18,N,S-087,S-085,S-080,"X-025+L-127+S-087+N-082 immigrate; X-025+L-127 join hierarchy in ranks 28+29, between A-122 and S-085, S-087 joins in rank 31, between S-085 and S-080, N-082 joins in rank 33, the last rank",immigrate on same date,
2002-07-18,N,N-082,S-080,last,"X-025+L-127+S-087+N-082 immigrate; X-025+L-127 join hierarchy in ranks 28+29, between A-122 and S-085, S-087 joins in rank 31, between S-085 and S-080, N-082 joins in rank 33, the last rank",immigrate on same date,
2002-11-21,N,L-090,X-025,L-127,"L-090 immigrates; joins hierarchy in rank 25, between X-025 and L-127",male coup,
2002-11-22,E,M-116,X-010,M-136,"M-116 immigrates; joins hierarchy in rank 37, between X-010 and M-136",male coup,
2002-12-13,N,F-090,A-122,X-025,"F-090 immigrates; joins hierarchy in rank 23, between A-122 and X-025",male coup,
2003-01-17,F,L-083,L-082,L-093,"L-083 drops to rank 24, between L-082 and L-093",male coup,
2003-03-09,N,N-107,N-105,N-097,"N-107+N-097+N-110 drop to ranks 4-6, between N-105 and N-089",female coup,
2003-03-09,N,N-097,N-107,N-110,"N-107+N-097+N-110 drop to ranks 4-6, between N-105 and N-089",female coup,
2003-03-09,N,N-110,N-097,N-089,"N-107+N-097+N-110 drop to ranks 4-6, between N-105 and N-089",female coup,
2003-04-30,M,M-204,M-203,M-098,"M-204 adopted by M-147, joins hierarchy in rank 12, between M-203 and M-098",adoption,
2003-08-11,M,M-082,M-139,M-198,"M-082+M-198+M-174 drop to ranks 33-35, between M-139 and M-005",female coup,
2003-08-11,M,M-198,M-082,M-174,"M-082+M-198+M-174 drop to ranks 33-35, between M-139 and M-005",female coup,
2003-08-11,M,M-174,M-198,M-005,"M-082+M-198+M-174 drop to ranks 33-35, between M-139 and M-005",female coup,
2003-09-29,F,M-117,A-123,A-103,M-117+A-103 immigrate; M-117 dominant over A-103,immigrate on same date,
2004-04-08,M,U-080,F-045,F-100,U-080+F-100 immigrate; U-080 dominant over F-100,immigrate on same date,
2004-04-12,M,E-090,F-045,U-080,"E-090+T-091 immigrate; E-090 joins hierarchy in rank 59, between F-045 and U-080, T-091 joins in rank 61, between U-080 and F-100, F-100 drops to rank 62, the last rank",immigrate on same date,
2004-04-12,M,T-091,U-080,F-100,"E-090+T-091 immigrate; E-090 joins hierarchy in rank 59, between F-045 and U-080, T-091 joins in rank 61, between U-080 and F-100, F-100 drops to rank 62, the last rank",immigrate on same date,
2004-04-18,M,E-094,F-045,E-090,"joins hierarchy in rank 60, between F-045 and E-090",male coup,
2004-04-19,M,L-126,E-090,U-080,"joins hierarchy in rank 62, between E-090 and U-080",male coup,
2004-04-21,F,A-125,A-123,A-124,"A-125 joins hierarchy in rank 33, between A-123 and A-124",male coup,
2004-06-10,E,M-162,M-136,L-148,M-162+L-148 immigrate; M-162 dominant over L-148,immigrate on same date,
2004-06-18,A,A-013,A-136,A-159,"A-013+A-159+A-142+A-119 drop to ranks 9-12, between A-136 and A-009",female coup,
2004-06-18,A,A-159,A-013,A-142,"A-013+A-159+A-142+A-119 drop to ranks 9-12, between A-136 and A-009",female coup,
2004-06-18,A,A-142,A-159,A-119,"A-013+A-159+A-142+A-119 drop to ranks 9-12, between A-136 and A-009",female coup,
2004-06-18,A,A-119,A-142,A-009,"A-013+A-159+A-142+A-119 drop to ranks 9-12, between A-136 and A-009",female coup,
2004-11-25,N,X-025,L-090,L-127,"drops to rank 26, between L-090 and L-127",male coup,
2004-11-25,N,N-089,N-102,N-124,N-089+N-124+N-111 drop to ranks 12-14,female coup,
2004-11-25,N,N-124,N-089,N-111,N-089+N-124+N-111 drop to ranks 12-14,female coup,
2004-11-25,N,N-111,N-124,N-106,N-089+N-124+N-111 drop to ranks 12-14,female coup,
2004-12-27,F,F-002,F-097,F-112,"F-002+F-112+F-102+F-096+F-111 drop to ranks 5-9, between F-097 and F-007",female coup,
2004-12-27,F,F-112,F-002,F-102,"F-002+F-112+F-102+F-096+F-111 drop to ranks 5-9, between F-097 and F-007",female coup,
2004-12-27,F,F-102,F-112,F-096,"F-002+F-112+F-102+F-096+F-111 drop to ranks 5-9, between F-097 and F-007",female coup,
2004-12-27,F,F-096,F-102,F-111,"F-002+F-112+F-102+F-096+F-111 drop to ranks 5-9, between F-097 and F-007",female coup,
2004-12-27,F,F-111,F-096,F-007,"F-002+F-112+F-102+F-096+F-111 drop to ranks 5-9, between F-097 and F-007",female coup,
2005-06-16,L,L-088,L-247,L-203,"L-088+L-203+L-204+L-164 drop to rank 7-10, between L-247 and L-205",female coup,
2005-06-16,L,L-203,L-088,L-204,"L-088+L-203+L-204+L-164 drop to rank 7-10, between L-247 and L-205",female coup,
2005-06-16,L,L-204,L-203,L-164,"L-088+L-203+L-204+L-164 drop to rank 7-10, between L-247 and L-205",female coup,
2005-06-16,L,L-164,L-204,L-205,"L-088+L-203+L-204+L-164 drop to rank 7-10, between L-247 and L-205",female coup,
2005-06-18,A,A-107,A-198,A-179,"A-107+A-179 drop to ranks 48+49, to end of hierarchy of natives",female coup,
2005-06-18,A,A-179,A-107,M-051,"A-107+A-179 drop to ranks 48+49, to end of hierarchy of natives",female coup,
2005-06-21,A,A-114,A-199,A-193,"A-114+A-193+A-150+A-151+A-135+A-186+A-187 drop to ranks 8-14, between A-199 and A-009",female coup,
2005-06-21,A,A-193,A-114,A-150,"A-114+A-193+A-150+A-151+A-135+A-186+A-187 drop to ranks 8-14, between A-199 and A-009",female coup,
2005-06-21,A,A-150,A-193,A-151,"A-114+A-193+A-150+A-151+A-135+A-186+A-187 drop to ranks 8-14, between A-199 and A-009",female coup,
2005-06-21,A,A-151,A-150,A-135,"A-114+A-193+A-150+A-151+A-135+A-186+A-187 drop to ranks 8-14, between A-199 and A-009",female coup,
2005-06-21,A,A-135,A-151,A-186,"A-114+A-193+A-150+A-151+A-135+A-186+A-187 drop to ranks 8-14, between A-199 and A-009",female coup,
2005-06-21,A,A-186,A-135,A-187,"A-114+A-193+A-150+A-151+A-135+A-186+A-187 drop to ranks 8-14, between A-199 and A-009",female coup,
2005-06-21,A,A-187,A-186,A-009,"A-114+A-193+A-150+A-151+A-135+A-186+A-187 drop to ranks 8-14, between A-199 and A-009",female coup,
2005-06-26,L,A-151,A-148,S-093,"immigration; A-151 joins hierarchy in rank 61, between A-148 and S-093, S-093 drops to rank 62",male coup,
2005-06-27,L,E-089,A-148,A-151,"immigration; E-089 joins hierarchy in rank 61, A-151+S-093 drop to ranks 62+63",male coup,
2005-07-09,L,A-150,E-089,A-151,"A-150+M-193 immigrate; A-150 joins hierarchy in rank 60, between E-089 and A-151",immigrate on same date+male coup,
2005-07-13,L,A-163,A-151,S-093,"immigration; A-163 joins hierarchy in rank 62, between A-151 and S-093",male coup,
2005-07-13,S,M-197,M-158,M-181,M-181+M-197 immigrate; M-197 dominant over M-181,immigrate on same date+male coup,
2005-07-30,L,L-088,L-250,L-203,"L-088+L-203+L-204+L-164 drop to ranks 12-15, between L-250 and L-102",female coup,
2005-07-30,L,L-203,L-088,L-204,"L-088+L-203+L-204+L-164 drop to ranks 12-15, between L-250 and L-102",female coup,
2005-07-30,L,L-204,L-203,L-164,"L-088+L-203+L-204+L-164 drop to ranks 12-15, between L-250 and L-102",female coup,
2005-07-30,L,L-164,L-204,L-102,"L-088+L-203+L-204+L-164 drop to ranks 12-15, between L-250 and L-102",female coup,
2005-08-03,L,L-222,L-151,L-221,"L-139+L-250 drop to ranks 13+14, between L-246 and L-141, L-222+L-221+L-194+L-160+L-246 drop to ranks 8-12, between L-151 and L-139, L-088+L-203+L-204+L-164 drop to ranks 18-21, between L-231 and L-087",female coup,
2005-08-03,L,L-221,L-222,L-194,"L-139+L-250 drop to ranks 13+14, between L-246 and L-141, L-222+L-221+L-194+L-160+L-246 drop to ranks 8-12, between L-151 and L-139, L-088+L-203+L-204+L-164 drop to ranks 18-21, between L-231 and L-087",female coup,
2005-08-03,L,L-194,L-221,L-160,"L-139+L-250 drop to ranks 13+14, between L-246 and L-141, L-222+L-221+L-194+L-160+L-246 drop to ranks 8-12, between L-151 and L-139, L-088+L-203+L-204+L-164 drop to ranks 18-21, between L-231 and L-087",female coup,
2005-08-03,L,L-160,L-194,L-246,"L-139+L-250 drop to ranks 13+14, between L-246 and L-141, L-222+L-221+L-194+L-160+L-246 drop to ranks 8-12, between L-151 and L-139, L-088+L-203+L-204+L-164 drop to ranks 18-21, between L-231 and L-087",female coup,
2005-08-03,L,L-246,L-160,L-139,"L-139+L-250 drop to ranks 13+14, between L-246 and L-141, L-222+L-221+L-194+L-160+L-246 drop to ranks 8-12, between L-151 and L-139, L-088+L-203+L-204+L-164 drop to ranks 18-21, between L-231 and L-087",female coup,
2005-08-03,L,L-139,L-246,L-250,"L-139+L-250 drop to ranks 13+14, between L-246 and L-141, L-222+L-221+L-194+L-160+L-246 drop to ranks 8-12, between L-151 and L-139, L-088+L-203+L-204+L-164 drop to ranks 18-21, between L-231 and L-087",female coup,
2005-08-03,L,L-250,L-139,L-141,"L-139+L-250 drop to ranks 13+14, between L-246 and L-141, L-222+L-221+L-194+L-160+L-246 drop to ranks 8-12, between L-151 and L-139, L-088+L-203+L-204+L-164 drop to ranks 18-21, between L-231 and L-087",female coup,
2005-08-03,L,L-088,L-231,L-203,"L-139+L-250 drop to ranks 13+14, between L-246 and L-141, L-222+L-221+L-194+L-160+L-246 drop to ranks 8-12, between L-151 and L-139, L-088+L-203+L-204+L-164 drop to ranks 18-21, between L-231 and L-087",female coup,
2005-08-03,L,L-203,L-088,L-204,"L-139+L-250 drop to ranks 13+14, between L-246 and L-141, L-222+L-221+L-194+L-160+L-246 drop to ranks 8-12, between L-151 and L-139, L-088+L-203+L-204+L-164 drop to ranks 18-21, between L-231 and L-087",female coup,
2005-08-03,L,L-204,L-203,L-164,"L-139+L-250 drop to ranks 13+14, between L-246 and L-141, L-222+L-221+L-194+L-160+L-246 drop to ranks 8-12, between L-151 and L-139, L-088+L-203+L-204+L-164 drop to ranks 18-21, between L-231 and L-087",female coup,
2005-08-03,L,L-164,L-204,L-087,"L-139+L-250 drop to ranks 13+14, between L-246 and L-141, L-222+L-221+L-194+L-160+L-246 drop to ranks 8-12, between L-151 and L-139, L-088+L-203+L-204+L-164 drop to ranks 18-21, between L-231 and L-087",female coup,
2005-08-18,S,A-019,S-113,S-116,"A-019+S-116+S-117 drop to ranks 4-6, between S-113 and A-008",female coup,
2005-08-18,S,S-116,A-019,S-117,"A-019+S-116+S-117 drop to ranks 4-6, between S-113 and A-008",female coup,
2005-08-18,S,S-117,S-116,A-008,"A-019+S-116+S-117 drop to ranks 4-6, between S-113 and A-008",female coup,
2005-09-05,L,A-137,A-163,S-093,"immigration; joins hierarchy in rank 59, between A-163 and S-093",male coup,
2006-02-02,L,L-156,L-185,L-190,"increases to rank 48, between L-185 and L-190",female coup,
2006-02-18,L,S-101,S-093,M-193,"S-101 joins clan in rank 68, between S-093 and M-193",male coup,
2006-02-19,S,S-084,S-122,S-120,S-084+S-120+S-121+S-112+S-113+A-019+S-116+S-117+A-008+S-114 drop to ranks 7-16,female coup,
2006-02-19,S,S-120,S-084,S-121,S-084+S-120+S-121+S-112+S-113+A-019+S-116+S-117+A-008+S-114 drop to ranks 7-16,female coup,
2006-02-19,S,S-121,S-120,S-112,S-084+S-120+S-121+S-112+S-113+A-019+S-116+S-117+A-008+S-114 drop to ranks 7-16,female coup,
2006-02-19,S,S-112,S-121,S-113,S-084+S-120+S-121+S-112+S-113+A-019+S-116+S-117+A-008+S-114 drop to ranks 7-16,female coup,
2006-02-19,S,S-113,S-112,A-019,S-084+S-120+S-121+S-112+S-113+A-019+S-116+S-117+A-008+S-114 drop to ranks 7-16,female coup,
2006-02-19,S,A-019,S-113,S-116,S-084+S-120+S-121+S-112+S-113+A-019+S-116+S-117+A-008+S-114 drop to ranks 7-16,female coup,
2006-02-19,S,S-116,A-019,S-117,S-084+S-120+S-121+S-112+S-113+A-019+S-116+S-117+A-008+S-114 drop to ranks 7-16,female coup,
2006-02-19,S,S-117,S-116,A-008,S-084+S-120+S-121+S-112+S-113+A-019+S-116+S-117+A-008+S-114 drop to ranks 7-16,female coup,
2006-02-19,S,A-008,S-117,S-114,S-084+S-120+S-121+S-112+S-113+A-019+S-116+S-117+A-008+S-114 drop to ranks 7-16,female coup,
2006-02-19,S,S-114,A-008,T-040,S-084+S-120+S-121+S-112+S-113+A-019+S-116+S-117+A-008+S-114 drop to ranks 7-16,female coup,
2006-03-26,M,M-006,M-239,M-122,"M-006 drops to rank 4, between M-239 and M-122",female coup,
2006-09-25,A,F-112,S-091,L-196,"F-112 joins clan in rank 64, between S-091 and L-196",male coup,
2006-10-30,L,L-132,L-156,L-190,"L-132 increases to rank 48, between L-156 and L-190",female coup,
2007-02-23,N,L-204,M-214,last,"T-099+M-214+L-204 immigrate, join hierarchy in ranks 36-38",immigrate on same date,
2007-02-23,N,T-099,F-080,M-214,"T-099+M-214+L-204 immigrate, join hierarchy in ranks 36-38",immigrate on same date,
2007-03-12,N,M-194,T-099,M-214,"M-194+M-206 immigrate; M-194 joins hierarchy in rank 38, between T-099 and M-214, M-206 joins in rank 40, between M-214 and L-204",immigrate on same date+male coup,
2007-03-12,N,M-206,M-214,L-204,"M-194+M-206 immigrate; M-194 joins hierarchy in rank 38, between T-099 and M-214, M-206 joins in rank 40, between M-214 and L-204",immigrate on same date+male coup,
2007-03-26,E,E-159,E-158,E-135,"E-159 adopted by E-080, joins hierarchy in rank 9, between E-158 and E-135",adoption,
2007-04-01,E,E-161,E-123,E-095,"E-161 adopted by E-123, joins hierarchy in rank 12, between E-123 and E-095",adoption,entry may not be needed. NOTE: E-161 is dominant over E-158 on 2009-08-05
2007-05-08,N,T-099,M-206,L-204,"T-099 drops to rank 44, between M-206 and L-204",male coup,
2007-05-23,M,M-242,M-243,M-099,"M-242 overtaken by sibling M-243, drops to rank 10, between M-243 and M-099",female coup,
2007-05-29,M,M-281,M-278,M-262,"M-281 joins hierarchy in rank 11, between M-278 (adopted cub) and M-262",adoption,entered because mother of M-281 adopted cub (M-278)
2007-06-09,N,L-090,X-025,L-127,"L-090 drops to rank 34, between X-025 and L-127",male coup,
2007-11-29,M,X-062,L-116,N-115,X-062+N-115 immigrate; X-062 dominant over N-115,immigrate on same date,
2007-12-11,M,E-127,N-115,E-135,"immigration; E-127 joins hierarchy in rank 79, between N-115 and E-135",male coup,
2007-12-19,M,M-152,M-277,M-280,M-152+M-280+M-260 drop to ranks 4-6,female coup,
2007-12-19,M,M-280,M-152,M-260,M-152+M-280+M-260 drop to ranks 4-6,female coup,
2007-12-19,M,M-260,M-280,M-239,M-152+M-280+M-260 drop to ranks 4-6,female coup,
2008-03-26,N,N-109,N-125,N-108,"N-109+N-108+N-140 drop to ranks 27-29, between N-125 and N-089",female coup,
2008-03-26,N,N-108,N-109,N-140,"N-109+N-108+N-140 drop to ranks 27-29, between N-125 and N-089",female coup,
2008-03-26,N,N-140,N-108,N-089,"N-109+N-108+N-140 drop to ranks 27-29, between N-125 and N-089",female coup,
2008-03-30,N,M-206,T-099,last,"drops to rank 48, the last rank",male coup,
2008-05-12,L,L-191,L-289,L-132,"L-191 increases to rank 62, between L-289 and L-132",female coup,
2008-10-04,F,A-185,S-087,A-209,"A-185+A-209+S-087 immigrate; A-185 in rank 32, A-209 in rank 33, S-087 in rank 31",immigrate on same date,
2008-10-04,F,A-209,A-185,last,"A-185+A-209+S-087 immigrate; A-185 in rank 32, A-209 in rank 33, S-087 in rank 31",immigrate on same date,
2008-10-04,F,S-087,A-166,A-185,"A-185+A-209+S-087 immigrate; A-185 in rank 32, A-209 in rank 33, S-087 in rank 31",immigrate on same date,
2008-10-09,F,A-199,A-209,A-198,A-198+A-199 immigrate; A-199 dominant over A-198,immigrate on same date,
2008-10-14,T,T-013,T-109,T-130,"T-013+T-130+T-112 drop to ranks 12-14, between T-109 and T-100",female coup,
2008-10-14,T,T-130,T-013,T-112,"T-013+T-130+T-112 drop to ranks 12-14, between T-109 and T-100",female coup,
2008-10-14,T,T-112,T-130,T-100,"T-013+T-130+T-112 drop to ranks 12-14, between T-109 and T-100",female coup,
2008-11-11,N,N-087,N-148,N-159,"N-087+N-159+N-160+N-161+N-143+N-144 drop to ranks 4-9, between N-148 and N-128",female coup,
2008-11-11,N,N-159,N-087,N-160,"N-087+N-159+N-160+N-161+N-143+N-144 drop to ranks 4-9, between N-148 and N-128",female coup,
2008-11-11,N,N-160,N-159,N-161,"N-087+N-159+N-160+N-161+N-143+N-144 drop to ranks 4-9, between N-148 and N-128",female coup,
2008-11-11,N,N-161,N-160,N-143,"N-087+N-159+N-160+N-161+N-143+N-144 drop to ranks 4-9, between N-148 and N-128",female coup,
2008-11-11,N,N-143,N-161,N-144,"N-087+N-159+N-160+N-161+N-143+N-144 drop to ranks 4-9, between N-148 and N-128",female coup,
2008-11-11,N,N-144,N-143,N-128,"N-087+N-159+N-160+N-161+N-143+N-144 drop to ranks 4-9, between N-148 and N-128",female coup,
2008-11-23,A,A-106,A-231,A-239,"A-106+A-239+A-240+A-216 increase to ranks 15-18, between A-231 and A-102",female coup,
2008-11-23,A,A-239,A-106,A-240,"A-106+A-239+A-240+A-216 increase to ranks 15-18, between A-231 and A-102",female coup,
2008-11-23,A,A-240,A-239,A-216,"A-106+A-239+A-240+A-216 increase to ranks 15-18, between A-231 and A-102",female coup,
2008-11-23,A,A-216,A-240,A-102,"A-106+A-239+A-240+A-216 increase to ranks 15-18, between A-231 and A-102",female coup,
2009-04-08,F,F-006,F-128,F-140,"F-006+F-140+F-129+F-097+F-142+F-143+F-130+F-132 drop to ranks 12-19, between F-128 and F-109, F-007+F-138+F-139+F-128 increase to ranks 8-11, between F-126 and F-006",female coup,
2009-04-08,F,F-140,F-006,F-129,"F-006+F-140+F-129+F-097+F-142+F-143+F-130+F-132 drop to ranks 12-19, between F-128 and F-109, F-007+F-138+F-139+F-128 increase to ranks 8-11, between F-126 and F-006",female coup,
2009-04-08,F,F-129,F-140,F-097,"F-006+F-140+F-129+F-097+F-142+F-143+F-130+F-132 drop to ranks 12-19, between F-128 and F-109, F-007+F-138+F-139+F-128 increase to ranks 8-11, between F-126 and F-006",female coup,
2009-04-08,F,F-097,F-129,F-142,"F-006+F-140+F-129+F-097+F-142+F-143+F-130+F-132 drop to ranks 12-19, between F-128 and F-109, F-007+F-138+F-139+F-128 increase to ranks 8-11, between F-126 and F-006",female coup,
2009-04-08,F,F-142,F-097,F-143,"F-006+F-140+F-129+F-097+F-142+F-143+F-130+F-132 drop to ranks 12-19, between F-128 and F-109, F-007+F-138+F-139+F-128 increase to ranks 8-11, between F-126 and F-006",female coup,
2009-04-08,F,F-143,F-142,F-130,"F-006+F-140+F-129+F-097+F-142+F-143+F-130+F-132 drop to ranks 12-19, between F-128 and F-109, F-007+F-138+F-139+F-128 increase to ranks 8-11, between F-126 and F-006",female coup,
2009-04-08,F,F-130,F-143,F-132,"F-006+F-140+F-129+F-097+F-142+F-143+F-130+F-132 drop to ranks 12-19, between F-128 and F-109, F-007+F-138+F-139+F-128 increase to ranks 8-11, between F-126 and F-006",female coup,
2009-04-08,F,F-132,F-130,F-109,"F-006+F-140+F-129+F-097+F-142+F-143+F-130+F-132 drop to ranks 12-19, between F-128 and F-109, F-007+F-138+F-139+F-128 increase to ranks 8-11, between F-126 and F-006",female coup,
2009-04-08,F,F-007,F-126,F-138,"F-006+F-140+F-129+F-097+F-142+F-143+F-130+F-132 drop to ranks 12-19, between F-128 and F-109, F-007+F-138+F-139+F-128 increase to ranks 8-11, between F-126 and F-006",female coup,
2009-04-08,F,F-138,F-007,F-139,"F-006+F-140+F-129+F-097+F-142+F-143+F-130+F-132 drop to ranks 12-19, between F-128 and F-109, F-007+F-138+F-139+F-128 increase to ranks 8-11, between F-126 and F-006",female coup,
2009-04-08,F,F-139,F-138,F-128,"F-006+F-140+F-129+F-097+F-142+F-143+F-130+F-132 drop to ranks 12-19, between F-128 and F-109, F-007+F-138+F-139+F-128 increase to ranks 8-11, between F-126 and F-006",female coup,
2009-04-08,F,F-128,F-139,F-006,"F-006+F-140+F-129+F-097+F-142+F-143+F-130+F-132 drop to ranks 12-19, between F-128 and F-109, F-007+F-138+F-139+F-128 increase to ranks 8-11, between F-126 and F-006",female coup,
2009-04-10,F,M-141,A-142,A-166,"M-141 drops to rank 34, between A-142 and A-166",male coup,
2009-04-11,L,L-190,L-245,L-325,"L-190+L-325 drop to ranks 72+73, to the last position among residents",female coup,
2009-04-11,L,L-325,L-190,M-104,"L-190+L-325 drop to ranks 72+73, to the last position among residents",female coup,
2009-07-04,L,L-300,L-298,L-180,"L-300 drops to rank 11, between L-298 and L-180",female coup,
2009-07-15,A,A-204,A-253,A-258,"A-204+A-258 drop to ranks 37-38, between A-253 and A-139",female coup,
2009-07-15,A,A-258,A-204,A-139,"A-204+A-258 drop to ranks 37-38, between A-253 and A-139",female coup,
2009-07-28,S,M-262,M-261,M-271,"immigration; M-262 joins hierarchy in rank 36, between M-261 and M-271",male coup,
2009-08-07,M,M-310,M-305,M-311,"M-310+M-311+M-279+M-277 drop to ranks 8-11, between M-305 and M-147, M-099+M-297+M-298+M-272+M-273+M-248+M-249 drop to ranks 18-24, between M-263 and M-236, M-295+M-296+M-260+M-304+M-239 drop to ranks 31-35, between M-268 and M-148",female coup,
2009-08-07,M,M-311,M-310,M-279,"M-310+M-311+M-279+M-277 drop to ranks 8-11, between M-301 and M-147, M-099+M-297+M-298+M-272+M-273+M-248+M-249 drop to ranks 18-24, between M-263 and M-236, M-295+M-296+M-260+M-304+M-239 drop to ranks 31-35, between M-268 and M-148",female coup,
2009-08-07,M,M-279,M-311,M-277,"M-310+M-311+M-279+M-277 drop to ranks 8-11, between M-301 and M-147, M-099+M-297+M-298+M-272+M-273+M-248+M-249 drop to ranks 18-24, between M-263 and M-236, M-295+M-296+M-260+M-304+M-239 drop to ranks 31-35, between M-268 and M-148",female coup,
2009-08-07,M,M-277,M-279,M-147,"M-310+M-311+M-279+M-277 drop to ranks 8-11, between M-301 and M-147, M-099+M-297+M-298+M-272+M-273+M-248+M-249 drop to ranks 18-24, between M-263 and M-236, M-295+M-296+M-260+M-304+M-239 drop to ranks 31-35, between M-268 and M-148",female coup,
2009-08-07,M,M-295,M-268,M-296,"M-310+M-311+M-279+M-277 drop to ranks 8-11, between M-301 and M-147, M-099+M-297+M-298+M-272+M-273+M-248+M-249 drop to ranks 18-24, between M-263 and M-236, M-295+M-296+M-260+M-304+M-239 drop to ranks 31-35, between M-268 and M-148",female coup,
2009-08-07,M,M-296,M-295,M-260,"M-310+M-311+M-279+M-277 drop to ranks 8-11, between M-301 and M-147, M-099+M-297+M-298+M-272+M-273+M-248+M-249 drop to ranks 18-24, between M-263 and M-236, M-295+M-296+M-260+M-304+M-239 drop to ranks 31-35, between M-268 and M-148",female coup,
2009-08-07,M,M-260,M-296,M-304,"M-310+M-311+M-279+M-277 drop to ranks 8-11, between M-301 and M-147, M-099+M-297+M-298+M-272+M-273+M-248+M-249 drop to ranks 18-24, between M-263 and M-236, M-295+M-296+M-260+M-304+M-239 drop to ranks 31-35, between M-268 and M-148",female coup,
2009-08-07,M,M-304,M-260,M-239,"M-310+M-311+M-279+M-277 drop to ranks 8-11, between M-301 and M-147, M-099+M-297+M-298+M-272+M-273+M-248+M-249 drop to ranks 18-24, between M-263 and M-236, M-295+M-296+M-260+M-304+M-239 drop to ranks 31-35, between M-268 and M-148",female coup,
2009-08-07,M,M-239,M-304,M-148,"M-310+M-311+M-279+M-277 drop to ranks 8-11, between M-301 and M-147, M-099+M-297+M-298+M-272+M-273+M-248+M-249 drop to ranks 18-24, between M-263 and M-236, M-295+M-296+M-260+M-304+M-239 drop to ranks 31-35, between M-268 and M-148",female coup,
2009-08-07,M,M-099,M-263,M-297,"M-310+M-311+M-279+M-277 drop to ranks 8-11, between M-301 and M-147, M-099+M-297+M-298+M-272+M-273+M-248+M-249 drop to ranks 18-24, between M-263 and M-236, M-295+M-296+M-260+M-304+M-239 drop to ranks 31-35, between M-268 and M-148",female coup,
2009-08-07,M,M-297,M-099,M-298,"M-310+M-311+M-279+M-277 drop to ranks 8-11, between M-301 and M-147, M-099+M-297+M-298+M-272+M-273+M-248+M-249 drop to ranks 18-24, between M-263 and M-236, M-295+M-296+M-260+M-304+M-239 drop to ranks 31-35, between M-268 and M-148",female coup,
2009-08-07,M,M-298,M-297,M-272,"M-310+M-311+M-279+M-277 drop to ranks 8-11, between M-301 and M-147, M-099+M-297+M-298+M-272+M-273+M-248+M-249 drop to ranks 18-24, between M-263 and M-236, M-295+M-296+M-260+M-304+M-239 drop to ranks 31-35, between M-268 and M-148",female coup,
2009-08-07,M,M-272,M-298,M-273,"M-310+M-311+M-279+M-277 drop to ranks 8-11, between M-301 and M-147, M-099+M-297+M-298+M-272+M-273+M-248+M-249 drop to ranks 18-24, between M-263 and M-236, M-295+M-296+M-260+M-304+M-239 drop to ranks 31-35, between M-268 and M-148",female coup,
2009-08-07,M,M-273,M-272,M-248,"M-310+M-311+M-279+M-277 drop to ranks 8-11, between M-301 and M-147, M-099+M-297+M-298+M-272+M-273+M-248+M-249 drop to ranks 18-24, between M-263 and M-236, M-295+M-296+M-260+M-304+M-239 drop to ranks 31-35, between M-268 and M-148",female coup,
2009-08-07,M,M-248,M-273,M-249,"M-310+M-311+M-279+M-277 drop to ranks 8-11, between M-301 and M-147, M-099+M-297+M-298+M-272+M-273+M-248+M-249 drop to ranks 18-24, between M-263 and M-236, M-295+M-296+M-260+M-304+M-239 drop to ranks 31-35, between M-268 and M-148",female coup,
2009-08-07,M,M-249,M-248,M-236,"M-310+M-311+M-279+M-277 drop to ranks 8-11, between M-301 and M-147, M-099+M-297+M-298+M-272+M-273+M-248+M-249 drop to ranks 18-24, between M-263 and M-236, M-295+M-296+M-260+M-304+M-239 drop to ranks 31-35, between M-268 and M-148",female coup,
2009-12-12,E,E-195,E-196,E-162,"E-195 adopted by E-095, joins hierarchy in rank 20, between E-196 and E-162",adoption,
2010-02-03,M,M-295,M-277,M-296,"M-295+M-296+M-260+M-304+M-239 increase to ranks 12-16, between M-277 and M-147",female coup,
2010-02-03,M,M-296,M-295,M-260,"M-295+M-296+M-260+M-304+M-239 increase to ranks 12-16, between M-277 and M-147",female coup,
2010-02-03,M,M-260,M-296,M-304,"M-295+M-296+M-260+M-304+M-239 increase to ranks 12-16, between M-277 and M-147",female coup,
2010-02-03,M,M-304,M-260,M-239,"M-295+M-296+M-260+M-304+M-239 increase to ranks 12-16, between M-277 and M-147",female coup,
2010-02-03,M,M-239,M-304,M-147,"M-295+M-296+M-260+M-304+M-239 increase to ranks 12-16, between M-277 and M-147",female coup,
2010-03-03,A,S-123,M-231,M-264,S-123 dominant over M-264,male coup,
2010-03-18,L,L-373,L-372,L-329,"L-373 joins hierarchy in rank 8, between L-372 (adopted cub) and L-329",adoption,
2010-04-14,L,L-084,L-257,L-370,"L-084+L-370+L-295 increase to ranks 78-80, between L-257 and L-156",female coup,
2010-04-14,L,L-370,L-084,L-295,"L-084+L-370+L-295 increase to ranks 78-80, between L-257 and L-156",female coup,
2010-04-14,L,L-295,L-370,L-156,"L-084+L-370+L-295 increase to ranks 78-80, between L-257 and L-156",female coup,
2010-06-30,A,A-286,A-285,A-257,"A-286 joins hierarchy in rank 21, between A-285 (adopted cub) and A-257",adoption,
2010-07-18,T,T-144,T-158,T-124,"T-144 assigned rank 9, between T-158 and T-124",mother unknown,
2010-08-28,T,N-147,N-129,N-148,"N-147+N-148 immigrate, join in ranks 30+31, between N-129 and N-139",male coup,
2010-08-28,T,N-148,N-147,N-139,"N-147+N-148 immigrate, join in ranks 30+31, between N-129 and N-139",male coup,
2010-10-13,S,E-165,M-286,L-299,"M-286+E-165+L-299 immigrate, assigned ranks 44-46",immigrate on same date,
2010-10-13,S,L-299,E-165,last,"M-286+E-165+L-299 immigrate, assigned ranks 44-46",immigrate on same date,
2010-10-13,S,M-286,M-298,E-165,"M-286+E-165+L-299 immigrate, assigned ranks 44-46",immigrate on same date,
2010-10-23,S,M-282,M-298,M-286,"M-282+M-297 immigrate, M-297 joins in rank 47, between L-278 and M-298, M-282 joins in rank 49, between M-298 and M-286",immigrate on same date+male coup,
2010-10-23,S,M-297,L-278,M-298,"M-282+M-297 immigrate, M-297 joins in rank 47, between L-278 and M-298, M-282 joins in rank 49, between M-298 and M-286",immigrate on same date+male coup,
2010-12-07,S,M-197,M-181,M-254,"M-197 drops to rank 40, between M-181 and M-254",male coup,
2010-12-11,S,S-144,S-164,M-158,"S-144 drops to rank 40, the last position among natives",female coup,
2011-01-20,S,M-158,M-181,M-197,"M-158 drops to rank 43, between M-181 and M-197",male coup,
2011-02-01,M,M-099,M-351,M-353,"M-099+M-353+M-354 overtaken by M-272, M-358, M-359, M-273 + M-248, M-350 and M-351, drop to ranks 31-33, between M-351 and M-249",female coup,
2011-02-01,M,M-353,M-099,M-354,"M-099+M-353+M-354 overtaken by M-272, M-358, M-359, M-273 + M-248, M-350 and M-351, drop to ranks 31-33, between M-351 and M-249",female coup,
2011-02-01,M,M-354,M-353,M-249,"M-099+M-353+M-354 overtaken by M-272, M-358, M-359, M-273 + M-248, M-350 and M-351, drop to ranks 31-33, between M-351 and M-249",female coup,
2011-02-26,M,M-350,M-351,M-099,M-350 overtaken by sibling M-351,litter dominance switch,
2011-06-06,T,N-137,N-148,N-138,"N-137 joins hierarchy, N-137+N-138 overtake N-139",male immigration+coup,
2011-06-06,T,N-139,N-138,last,"N-137 joins hierarchy, N-137+N-138 overtake N-139",male immigration+coup,
2011-07-20,N,M-277,E-173,M-262,M-277+M-262 immigrate; M-277 dominant over M-262,immigrate on same date,
2011-08-03,S,L-298,L-289,last,"L-298+L-316 immigrate, L-316 dominant over L-298 and L-289, L-289 drops to rank 54, between L-316 and L-298",immigrate on same date+male coup,
2011-08-03,S,L-316,L-299,L-289,"L-298+L-316 immigrate, L-316 dominant over L-298 and L-289, L-289 drops to rank 54, between L-316 and L-298",immigrate on same date+male coup,
2011-08-18,M,M-279,M-260,M-361,"M-279+M-361 drop to rank 18+19, between M-260 and M-239",female coup,
2011-08-18,M,M-361,M-279,M-239,"M-279+M-361 drop to rank 18+19, between M-260 and M-239",female coup,
2011-11-26,N,M-261,M-262,M-301,"M-261+M-278+M-294 immigrate; M-301+E-179 drop to ranks 75+76, between M-261 and M-278",immigrate on same date+male coup,
2011-11-28,E,E-220,E-199,E-116,"drops to rank 6, between E-199 and E-116",female coup,
2012-05-01,A,A-324,A-102,A-278,A-324 joins in rank 37 (adopted by A-102),adoption,
2012-05-29,A,A-308,A-232,A-309,"A-308+A-309+A-273 drop to ranks 68-70, between A-232 and A-245",female coup,
2012-05-29,A,A-309,A-308,A-273,"A-308+A-309+A-273 drop to ranks 68-70, between A-232 and A-245",female coup,
2012-05-29,A,A-273,A-309,A-245,"A-308+A-309+A-273 drop to ranks 68-70, between A-232 and A-245",female coup,
2012-10-01,L,L-295,L-190,M-139,"L-295 drops to rank 73, to last position in hierarchy of natives",female coup,
2013-02-16,L,L-192,L-295,M-139,"L-192 drops to rank 66, to last position in hierarchy of natives",male coup,
2013-05-21,M,M-376,M-239,M-377,"M-376+M-377+M-365+M-366+M-242 drop to ranks 7-11, between M-239 and M-147",female coup,
2013-05-21,M,M-377,M-376,M-365,"M-376+M-377+M-365+M-366+M-242 drop to ranks 7-11, between M-239 and M-147",female coup,
2013-05-21,M,M-365,M-377,M-366,"M-376+M-377+M-365+M-366+M-242 drop to ranks 7-11, between M-239 and M-147",female coup,
2013-05-21,M,M-366,M-365,M-242,"M-376+M-377+M-365+M-366+M-242 drop to ranks 7-11, between M-239 and M-147",female coup,
2013-05-21,M,M-242,M-366,M-147,"M-376+M-377+M-365+M-366+M-242 drop to ranks 7-11, between M-239 and M-147",female coup,
2013-11-20,S,L-349,N-176,L-315,L-349+L-315 immigrate; L-349 dominant over L-315,immigrate on same date,
2014-04-17,L,L-460,L-453,L-407,"L-460 joins hierarchy in rank 20, between L-453 and L-407",adoption,
2014-05-08,F,F-107,F-174,F-204,"F-107+F-204+F-190+F-191+F-192+F-169+F-196 drop to ranks 7-13, between F-174 and F-099",female coup,
2014-05-08,F,F-204,F-107,F-190,"F-107+F-204+F-190+F-191+F-192+F-169+F-196 drop to ranks 7-13, between F-174 and F-099",female coup,
2014-05-08,F,F-190,F-204,F-191,"F-107+F-204+F-190+F-191+F-192+F-169+F-196 drop to ranks 7-13, between F-174 and F-099",female coup,
2014-05-08,F,F-191,F-190,F-192,"F-107+F-204+F-190+F-191+F-192+F-169+F-196 drop to ranks 7-13, between F-174 and F-099",female coup,
2014-05-08,F,F-192,F-191,F-169,"F-107+F-204+F-190+F-191+F-192+F-169+F-196 drop to ranks 7-13, between F-174 and F-099",female coup,
2014-05-08,F,F-169,F-192,F-196,"F-107+F-204+F-190+F-191+F-192+F-169+F-196 drop to ranks 7-13, between F-174 and F-099",female coup,
2014-05-08,F,F-196,F-169,F-099,"F-107+F-204+F-190+F-191+F-192+F-169+F-196 drop to ranks 7-13, between F-174 and F-099",female coup,
2014-05-11,S,S-208,S-175,S-209,"S-208+S-209 drop to ranks 5+6, between S-175 and S-165 (S-193+S-208+S-209 dominate S-165)",female coup,
2014-05-11,S,S-209,S-208,S-165,"S-208+S-209 drop to ranks 5+6, between S-175 and S-165 (S-193+S-208+S-209 dominate S-165)",female coup,
2014-05-22,T,T-085,T-154,T-153,"T-085+T-153+T-141+T-129 drop to ranks 16-19, between T-154 and T-112",female coup,
2014-05-22,T,T-153,T-085,T-141,"T-085+T-153+T-141+T-129 drop to ranks 16-19, between T-154 and T-112",female coup,
2014-05-22,T,T-141,T-153,T-129,"T-085+T-153+T-141+T-129 drop to ranks 16-19, between T-154 and T-112",female coup,
2014-05-22,T,T-129,T-141,T-112,"T-085+T-153+T-141+T-129 drop to ranks 16-19, between T-154 and T-112",female coup,
2014-05-23,S,S-208,S-202,S-209,"S-208+S-209 drop to ranks 10+11, between S-202 and S-152 (S-165+S-212 dominate S-208+S-209)",female coup,
2014-05-23,S,S-209,S-208,S-152,"S-208+S-209 drop to ranks 10+11, between S-202 and S-152 (S-165+S-212 dominate S-208+S-209)",female coup,
2014-06-15,A,S-154,F-167,N-183,"S-154 joins hierarchy in rank 110, between F-167 and N-183",male coup,
2014-12-10,E,N-173,M-331,M-365,N-173 dominates M-365 who dominates L-377. N-173 prob dominant over both from when immigrated,male immigration+coup,
2015-09-12,A,A-403,A-402,A-381,"A-403 joins hierarchy in rank 21, between A-402 and A-381",adoption,
2015-09-29,A,A-405,A-404,A-232,"A-405 joins hierarchy in rank 87, between A-404 and A-232",adoption,
2015-10-11,A,A-407,A-406,A-304,"A-407 joins hierarchy in rank 70, between A-406 and A-304A-407 ",adoption,
2016-02-17,F,F-215,F-214,F-201,"F-215+F-201+F-202+F-186+F-173+F-221+F-222+F-210+F-174 drop in rank when F-136 dies, 2018-04-09 F-215 dominated by F-233 + F-258",female coup,
2016-02-17,F,F-201,F-215,F-202,"F-215+F-201+F-202+F-186+F-173+F-221+F-222+F-210+F-174 drop in rank when F-136 dies, 2018-04-09 F-215 dominated by F-233 + F-258",female coup,
2016-02-17,F,F-202,F-201,F-186,"F-215+F-201+F-202+F-186+F-173+F-221+F-222+F-210+F-174 drop in rank when F-136 dies, 2018-04-09 F-215 dominated by F-233 + F-258",female coup,
2016-02-17,F,F-186,F-202,F-173,"F-215+F-201+F-202+F-186+F-173+F-221+F-222+F-210+F-174 drop in rank when F-136 dies, 2018-04-09 F-215 dominated by F-233 + F-258",female coup,
2016-02-17,F,F-173,F-186,F-221,"F-215+F-201+F-202+F-186+F-173+F-221+F-222+F-210+F-174 drop in rank when F-136 dies, 2018-04-09 F-215 dominated by F-233 + F-258",female coup,
2016-02-17,F,F-221,F-173,F-222,"F-215+F-201+F-202+F-186+F-173+F-221+F-222+F-210+F-174 drop in rank when F-136 dies, 2018-04-09 F-215 dominated by F-233 + F-258",female coup,
2016-02-17,F,F-222,F-221,F-210,"F-215+F-201+F-202+F-186+F-173+F-221+F-222+F-210+F-174 drop in rank when F-136 dies, 2018-04-09 F-215 dominated by F-233 + F-258",female coup,
2016-02-17,F,F-210,F-222,F-174,"F-215+F-201+F-202+F-186+F-173+F-221+F-222+F-210+F-174 drop in rank when F-136 dies, 2018-04-09 F-215 dominated by F-233 + F-258",female coup,
2016-02-17,F,F-174,F-210,F-099,"F-215+F-201+F-202+F-186+F-173+F-221+F-222+F-210+F-174 drop in rank when F-136 dies, 2018-04-09 F-215 dominated by F-233 + F-258",female coup,
2016-12-05,L,L-474,L-463,L-475,L-474+L-475 drop in rank when L-205 dies,female coup,
2016-12-05,L,L-475,L-474,L-429,L-474+L-475 drop in rank when L-205 dies,female coup,
2016-12-09,S,S-193,S-279,S-250,S-165+S-166+S-152+S-153+S-208+S-209 matrilines dethrone S-193+S-194. S-152+S-153 matrilines overtake S-208+S-209 matrilines,female coup,"check interactions between S-166, S-222, S-201, S-271 and S-193, S-250, S-232, S-194, S-243 and S-244"
2016-12-09,S,S-250,S-193,S-232,S-165+S-166+S-152+S-153+S-208+S-209 matrilines dethrone S-193+S-194. S-152+S-153 matrilines overtake S-208+S-209 matrilines,female coup,"check interactions between S-166, S-222, S-201, S-271 and S-193, S-250, S-232, S-194, S-243 and S-244"
2016-12-09,S,S-232,S-250,S-194,S-165+S-166+S-152+S-153+S-208+S-209 matrilines dethrone S-193+S-194. S-152+S-153 matrilines overtake S-208+S-209 matrilines,female coup,"check interactions between S-166, S-222, S-201, S-271 and S-193, S-250, S-232, S-194, S-243 and S-244"
2016-12-09,S,S-194,S-232,S-243,S-165+S-166+S-152+S-153+S-208+S-209 matrilines dethrone S-193+S-194. S-152+S-153 matrilines overtake S-208+S-209 matrilines,female coup,"check interactions between S-166, S-222, S-201, S-271 and S-193, S-250, S-232, S-194, S-243 and S-244"
2016-12-09,S,S-243,S-194,S-244,S-165+S-166+S-152+S-153+S-208+S-209 matrilines dethrone S-193+S-194. S-152+S-153 matrilines overtake S-208+S-209 matrilines,female coup,"check interactions between S-166, S-222, S-201, S-271 and S-193, S-250, S-232, S-194, S-243 and S-244"
2016-12-09,S,S-244,S-243,S-138,S-165+S-166+S-152+S-153+S-208+S-209 matrilines dethrone S-193+S-194. S-152+S-153 matrilines overtake S-208+S-209 matrilines,female coup,"check interactions between S-166, S-222, S-201, S-271 and S-193, S-250, S-232, S-194, S-243 and S-244"
2016-12-09,S,S-208,S-225,S-276,S-165+S-166+S-152+S-153+S-208+S-209 matrilines dethrone S-193+S-194. S-152+S-153 matrilines overtake S-208+S-209 matrilines,female coup,"check interactions between S-166, S-222, S-201, S-271 and S-193, S-250, S-232, S-194, S-243 and S-244"
2016-12-09,S,S-276,S-208,S-209,S-165+S-166+S-152+S-153+S-208+S-209 matrilines dethrone S-193+S-194. S-152+S-153 matrilines overtake S-208+S-209 matrilines,female coup,"check interactions between S-166, S-222, S-201, S-271 and S-193, S-250, S-232, S-194, S-243 and S-244"
2016-12-09,S,S-209,S-276,S-279,S-165+S-166+S-152+S-153+S-208+S-209 matrilines dethrone S-193+S-194. S-152+S-153 matrilines overtake S-208+S-209 matrilines,female coup,"check interactions between S-166, S-222, S-201, S-271 and S-193, S-250, S-232, S-194, S-243 and S-244"
2016-12-09,S,S-279,S-209,S-193,S-165+S-166+S-152+S-153+S-208+S-209 matrilines dethrone S-193+S-194. S-152+S-153 matrilines overtake S-208+S-209 matrilines,female coup,"check interactions between S-166, S-222, S-201, S-271 and S-193, S-250, S-232, S-194, S-243 and S-244"
2017-10-29,L,L-442,L-494,L-443,L-442 dominated by L-312,female coup,check interactions between L-442 and others
2018-02-11,M,M-398,M-460,N-123,M-398 dominated by M-420,philo loses rank,check interactions between M-398 and any native Munge
2018-02-12,M,M-295,M-416,M-455,M-416 dominates M-295 + M-454,female coup,
2018-02-12,M,M-455,M-295,M-454,M-416 dominates M-295 + M-454,female coup,
2018-02-12,M,M-454,M-455,M-435,M-416 dominates M-295 + M-454,female coup,
2018-02-12,M,M-435,M-454,M-381,M-416 dominates M-295 + M-454,female coup,
2018-02-14,M,M-376,M-383,M-433,"M-427 dominates M-433, and on 180922 M-409+M-432 dominate M-376",female coup,"check interactions between M-376, M-433, M-434, and others"
2018-02-14,M,M-433,M-376,M-434,"M-427 dominates M-433, and on 180922 M-409+M-432 dominate M-376",female coup,"check interactions between M-376, M-433, M-434, and others"
2018-02-14,M,M-434,M-433,M-274,"M-427 dominates M-433, and on 180922 M-409+M-432 dominate M-376",female coup,"check interactions between M-376, M-433, M-434, and others"
2018-02-25,N,N-172,N-248,N-278,N-143 matriline overthrows N-172 + N-175 matrilines,female coup,check interactions between N-172 matriline and others
2018-02-25,N,N-278,N-172,N-252,N-143 matriline overthrows N-172 + N-175 matrilines,female coup,check interactions between N-172 matriline and others
2018-02-25,N,N-252,N-278,N-238,N-143 matriline overthrows N-172 + N-175 matrilines,female coup,check interactions between N-172 matriline and others
2018-02-25,N,N-238,N-252,N-234,N-143 matriline overthrows N-172 + N-175 matrilines,female coup,check interactions between N-172 matriline and others
2018-02-25,N,N-234,N-238,N-212,N-143 matriline overthrows N-172 + N-175 matrilines,female coup,check interactions between N-172 matriline and others
2018-02-25,N,N-212,N-234,N-279,N-143 matriline overthrows N-172 + N-175 matrilines,female coup,check interactions between N-172 matriline and others
2018-02-25,N,N-279,N-212,N-266,N-143 matriline overthrows N-172 + N-175 matrilines,female coup,check interactions between N-172 matriline and others
2018-02-25,N,N-266,N-279,N-268,N-143 matriline overthrows N-172 + N-175 matrilines,female coup,check interactions between N-172 matriline and others
2018-05-18,T,T-171,T-180,T-157,T-135 + T-180 dominate T-157,female coup,
2018-05-18,T,T-157,T-171,T-202,T-135 + T-180 dominate T-157,female coup,
2018-05-18,T,T-202,T-157,T-199,T-135 + T-180 dominate T-157,female coup,
2018-05-18,T,T-199,T-202,T-194,T-135 + T-180 dominate T-157,female coup,
2018-05-18,T,T-194,T-199,T-158,T-135 + T-180 dominate T-157,female coup,
2018-06-24,A,A-259,A-370,A-398,A-287 (and later also others of A-238's matriline) dominates A-335,female coup,
2018-06-24,A,A-398,A-259,A-399,A-287 (and later also others of A-238's matriline) dominates A-335,female coup,
2018-06-24,A,A-399,A-398,A-436,A-287 (and later also others of A-238's matriline) dominates A-335,female coup,
2018-06-24,A,A-436,A-399,A-335,A-287 (and later also others of A-238's matriline) dominates A-335,female coup,
2018-06-24,A,A-335,A-436,A-461,A-287 (and later also others of A-238's matriline) dominates A-335,female coup,
2019-01-03,S,S-165,S-294,S-295,S-234 dominates S-165 and S-235,female coup,
2019-01-03,S,S-295,S-165,S-308,S-234 dominates S-165 and S-235,female coup,
2019-01-03,S,S-235,S-297,S-294,S-234 dominates S-165 and S-235,female coup,
2019-01-03,S,S-294,S-235,S-165,S-234 dominates S-165 and S-235,female coup,
2019-06-17,A,A-194,A-431,A-445,"A-353, A-457 + A-458 dominate A-194 + A-445",female coup,
2019-06-17,A,A-445,A-194,A-514,"A-353, A-457 + A-458 dominate A-194 + A-445",female coup,
2019-06-17,A,A-514,A-445,A-411,"A-353, A-457 + A-458 dominate A-194 + A-445",female coup,
2019-06-17,A,A-411,A-514,A-470,"A-353, A-457 + A-458 dominate A-194 + A-445",female coup,
2019-11-14,M,M-381,M-403,M-467,M-296 coalition overtakes M-381 coalition but stays below M-295 coalition,female coup,
2019-11-14,M,M-467,M-381,M-429,M-296 coalition overtakes M-381 coalition but stays below M-295 coalition,female coup,
2019-11-14,M,M-429,M-467,M-473,M-296 coalition overtakes M-381 coalition but stays below M-295 coalition,female coup,
2019-11-14,M,M-473,M-429,M-472,M-296 coalition overtakes M-381 coalition but stays below M-295 coalition,female coup,
2019-11-14,M,M-472,M-473,M-430,M-296 coalition overtakes M-381 coalition but stays below M-295 coalition,female coup,
2019-11-14,M,M-430,M-472,M-421,M-296 coalition overtakes M-381 coalition but stays below M-295 coalition,female coup,
2019-11-16,S,S-364,S-363,S-185,"S-364 joins hierarchy in rank 30, between S-363 (adopted cub) and S-185",adoption,
2019-11-16,E,E-166,E-283,E-281,"E-219 dominates E-259; on 2020-03-10, E-166 + E-281 dominated by E-219, E-283 + E-284",female coup,
2019-11-16,E,E-281,E-166,E-259,"E-219 dominates E-259; on 2020-03-10, E-166 + E-281 dominated by E-219, E-283 + E-284",female coup,
2019-11-16,E,E-259,E-281,E-218,"E-219 dominates E-259; on 2020-03-10, E-166 + E-281 dominated by E-219, E-283 + E-284",female coup,
2020-03-05,A,A-257,A-338,A-441,A-257 is overtaken by A-338,male coup,
2020-03-30,E,E-219,E-284,E-305,E-284 dominates E-219; E-219 still dominates E-283,female coup,
2020-03-30,E,E-305,E-219,E-306,E-284 dominates E-219; E-219 still dominates E-283,female coup,
2020-03-30,E,E-306,E-305,E-283,E-284 dominates E-219; E-219 still dominates E-283,female coup,
2020-07-23,S,S-374,S-373,S-375,"S-374 joins hierarchy in rank 11, between S-373 (adopted cub) and S-375",adoption,
2020-07-23,S,S-375,S-374,S-286,"S-375 joins hierarchy in rank 12, between S-374 and S-286",adoption,
2020-07-24,A,A-458,A-484,A-436,A-458 submissive to A-470+A-476+A-313 -> dropped below A-238 matriline,female/natal male coup,
2020-12-06,A,A-445,A-484,A-529,A-238 matriline overtakes A-445+A-529+A-470+A-476+A-541,female coup,
2020-12-06,A,A-529,A-445,A-470,A-238 matriline overtakes A-445+A-529+A-470+A-476+A-541,female coup,
2020-12-06,A,A-470,A-529,A-476,A-238 matriline overtakes A-445+A-529+A-470+A-476+A-541,female coup,
2020-12-06,A,A-476,A-470,A-541,A-238 matriline overtakes A-445+A-529+A-470+A-476+A-541,female coup,
2020-12-06,A,A-541,A-476,A-436,A-238 matriline overtakes A-445+A-529+A-470+A-476+A-541,female coup,
2021-03-01,E,E-245,E-312,E-299,E-285 dominates E-245. E-299 possibly also dominates E-245 but not adjusted,female coup,
2021-03-01,E,E-299,E-245,E-184,E-285 dominates E-245. E-299 possibly also dominates E-245 but not adjusted,female coup,
2021-03-11,S,S-235,S-341,S-380,S-165 matriline overtakes S-235 matriline,female coup,
2021-03-11,S,S-380,S-235,S-353,S-165 matriline overtakes S-235 matriline,female coup,
2021-03-11,S,S-353,S-380,S-354,S-165 matriline overtakes S-235 matriline,female coup,
2021-03-11,S,S-354,S-353,S-259,S-165 matriline overtakes S-235 matriline,female coup,
2021-03-16,S,S-292,S-378,S-138,S-193 dominates S-292. We assume that offspring of S-193 (S-378) also dominates S-292,female/natal male coup,
2021-03-16,S,S-224,S-185,S-161,S-185 dominates S-224. S-224 dominates S-312 -> S-224 is below S-185 but probably still dominates S-161. We assume that S-184 and her offspring (S-382+S-363) also dominate S-224,female/natal male coup,
2021-09-09,S,A-398,A-390,A-399,A-399 dominates A-369+A-374. We assume that A-398 also dominates A-369+A-374 and that A-398+A-399 both also dominate A-373,male coup,
2021-09-09,S,A-399,A-398,A-373,A-399 dominates A-369+A-374. We assume that A-398 also dominates A-369+A-374 and that A-398+A-399 both also dominate A-373,male coup,
2021-10-12,L,S-316,S-275,N-275,S-316 dominates N-275,male coup,
2022-02-16,L,L-441,L-508,L-501,L-441 RE when L-508 AP buffalo kill,female/natal male coup,
2022-02-21,L,L-474,L-470,L-543,L-474 dominated by L-429 when greeting L-462. A few days later also dominated by L-514 (son of L-428). We assumed that L-474 and her cub/son L-543 are dominated by L-428 and L-429 matrilines,female coup,
2022-02-21,L,L-543,L-474,L-519,L-474 dominated by L-429 when greeting L-462. A few days later also dominated by L-514 (son of L-428). We assumed that L-474 and her cub/son L-543 are dominated by L-428 and L-429 matrilines,female coup,
2022-02-23,L,S-275,S-316,N-275,S-316 dominates S-275,male coup,
2023-01-20,L,L-329,L-541,L-542,L-329 dominated by L-541,(subadult)female coup,
2023-01-23,L,L-519,L-510,L-439,L-519 dominated by L-510+L-541; on 2023-07-28 also dominated by L-535 (in coalition with L-548+L-513),female coup,
2023-01-24,L,L-546,L-470,L-545,L-498+L-463+L-429+L-428 matrilines dominate L-545+L-546,female coup,
2023-01-24,L,L-545,L-546,L-474,L-498+L-463+L-429+L-428 matrilines dominate L-545+L-546,female coup,
2023-02-18,L,S-312,T-200,X-151,T-200 dominates S-312,male coup,
2023-06-24,S,S-234,S-354,S-408,S-235 matriline overtakes S-234 matriline,female coup,
2023-06-24,S,S-408,S-234,S-409,S-235 matriline overtakes S-234 matriline,female coup,
2023-06-24,S,S-409,S-408,S-377,S-235 matriline overtakes S-234 matriline,female coup,
2023-06-24,S,S-377,S-409,S-365,S-235 matriline overtakes S-234 matriline,female coup,
2023-06-24,S,S-365,S-377,S-385,S-235 matriline overtakes S-234 matriline,female coup,
2023-06-24,S,S-385,S-365,S-386,S-235 matriline overtakes S-234 matriline,female coup,
2023-06-24,S,S-386,S-385,S-259,S-235 matriline overtakes S-234 matriline,female coup,
2023-11-03,L,L-545,L-546,L-474,L-546 dominates L-545,(subadult)male coup,
2023-11-19,M,M-453,M-515,M-431,M-453 drops below M-451 matriline,female/natal male coup,
2024-03-15,M,M-414,M-519,M-538,M-416 matriline overtakes M-414 matriline,female coup,
2024-03-15,M,M-538,M-414,M-523,M-416 matriline overtakes M-414 matriline,female coup,
2024-03-15,M,M-523,M-538,M-500,M-416 matriline overtakes M-414 matriline,female coup,
2024-03-15,M,M-500,M-523,M-501,M-416 matriline overtakes M-414 matriline,female coup,
2024-03-15,M,M-501,M-500,M-486,M-416 matriline overtakes M-414 matriline,female coup,
2024-03-15,M,M-486,M-501,M-534,M-416 matriline overtakes M-414 matriline,female coup,
2024-03-15,M,M-534,M-486,M-517,M-416 matriline overtakes M-414 matriline,female coup,
2024-03-15,M,M-517,M-534,M-487,M-416 matriline overtakes M-414 matriline,female coup,
2024-03-15,M,M-487,M-517,M-550,M-416 matriline overtakes M-414 matriline,female coup,
2024-03-15,M,M-550,M-487,M-525,M-416 matriline overtakes M-414 matriline,female coup,
2024-03-15,M,M-525,M-550,M-530,M-416 matriline overtakes M-414 matriline,female coup,
