name,origin,destination,date,comments
A-008,A,S,1998-11-13,
A-011,X,A,1996-04-12,
A-018,A,S,1998-10-03,
A-019,A,S,1998-09-18,
A-040,A,A,1996-07-11,
A-040,A,R,2001-10-30,
A-041,A,L,1998-03-31,
A-042,X,A,1996-04-12,
A-044,X,A,1996-04-12,
A-045,X,A,1996-04-12,
A-046,A,L,1998-12-06,
A-047,X,A,1996-04-12,
A-048,X,A,1996-04-12,
A-049,A,L,1997-06-18,
A-050,X,A,1996-04-12,
A-051,X,A,1996-04-12,
A-052,A,E,1997-04-07,
A-054,A,L,1999-04-22,
A-055,X,A,1996-08-18,
A-056,A,M,1997-06-06,
A-057,A,E,1997-10-05,
A-084,A,L,1998-08-19,
A-085,A,S,2001-08-11,
A-087,A,M,1999-04-06,
A-087,M,Y,2005-08-11,
A-087,Y,E,2006-09-14,
A-092,A,X,1997-08-27,
A-092,X,A,2001-07-13,
A-093,A,M,2000-02-27,
A-100,A,F,2003-01-15,
A-103,A,F,2003-09-29,
A-111,A,F,2002-07-16,
A-118,A,F,2003-08-25,
A-121,A,F,2003-01-14,
A-122,A,N,2002-07-17,
A-123,A,F,2003-08-28,
A-124,A,F,2003-11-08,
A-125,A,F,2004-04-21,
A-128,A,L,2004-10-20,
A-137,A,A,2004-11-16,
A-137,A,L,2005-09-05,
A-138,A,F,2004-06-10,
A-142,A,F,2005-08-20,
A-146,A,L,2004-10-20,
A-148,A,L,2005-01-02,
A-150,A,L,2005-07-09,
A-151,A,L,2005-06-26,
A-163,A,L,2005-07-13,
A-166,A,F,2007-06-11,
A-182,A,L,2007-11-19,
A-185,A,F,2008-10-04,
A-198,A,F,2008-10-09,
A-199,A,F,2008-10-09,
A-209,A,F,2008-10-04,
A-210,A,F,2008-11-10,
A-222,A,E,2010-01-05,
A-225,A,F,2010-11-29,
A-234,A,F,2010-12-21,
A-237,A,L,2011-01-31,
A-246,A,A,2011-09-07,
A-257,A,A,2013-11-28,
A-261,A,A,2013-02-23,
A-263,A,A,2013-04-27,
A-264,A,L,2013-04-14,
A-276,A,A,2015-06-23,based on conception date of sired cub
A-289,A,L,2013-05-19,
A-295,A,S,2015-08-11,
A-299,A,A,2014-12-09,
A-306,A,S,2014-05-23,
A-306,A,M,2024-03-14,
A-307,A,F,2015-01-04,
A-327,A,S,2015-08-13,
A-328,A,F,2016-04-24,
A-333,A,F,2015-08-21,
A-337,A,A,2017-02-25,
A-338,A,A,2017-11-15,
A-343,A,S,2017-02-01,
A-343,S,Y,2019-07-09,
A-343,Y,A,2022-12-03,
A-345,A,S,2017-02-10,was seen in S-terr on 2016-03-10 together with L-156
A-346,A,S,2016-03-21,
A-346,S,M,2024-02-22,
A-356,A,F,2016-04-23,
A-369,A,S,2018-04-14,
A-371,A,L,2016-09-30,
A-372,A,F,2018-01-11,
A-373,A,S,2017-08-20,
A-374,A,S,2017-12-16,
A-377,A,F,2016-06-11,
A-380,A,F,2017-05-23,
A-383,A,L,2017-07-07,
A-384,A,F,2017-07-08,
A-385,A,S,2017-09-23,
A-386,A,S,2017-08-20,
A-390,A,S,2017-06-11,
A-390,S,M,2024-04-10,
A-391,A,A,2018-12-02,
A-398,A,S,2018-12-16,
A-399,A,S,2018-12-19,
A-403,A,S,2018-09-08,
A-408,A,A,2018-12-25,
A-411,A,E,2019-07-24,
A-412,A,L,2018-11-08,
A-418,A,E,2019-10-28,
A-430,A,L,2019-10-22,
A-458,A,L,2020-11-09,
A-484,A,A,2021-01-28,
A-484,A,F,2022-02-23,
A-504,A,E,2022-03-16,
A-519,A,L,2023-11-07,
A-530,A,A,2022-03-08,
A-537,A,A,2023-02-03,
A-537,A,S,2024-06-27,
A-556,A,L,2024-09-18,
C-040,X,C,1996-04-12,
C-041,X,C,1998-03-21,
E-040,X,E,1996-04-12,
E-041,X,E,1996-04-12,
E-042,E,N,1997-02-02,
E-044,E,N,1998-08-09,
E-046,E,N,2000-01-11,
E-086,E,T,2003-11-07,
E-089,E,E,2003-03-05,
E-089,E,L,2005-06-27,
E-090,E,M,2004-04-12,
E-094,E,M,2004-04-18,
E-094,M,E,2015-08-29,
E-108,E,E,2005-02-01,
E-127,E,M,2007-12-11,
E-131,E,M,2007-12-28,
E-133,E,E,2006-12-06,based on conception date of sired cub
E-133,E,M,2007-12-02,
E-134,E,M,2007-03-03,
E-135,E,M,2007-12-01,
E-142,E,M,2009-03-30,
E-144,E,E,2010-01-06,
E-149,E,M,2010-04-22,
E-151,E,M,2009-04-05,
E-159,E,M,2011-02-19,
E-161,E,M,2009-12-25,
E-164,E,E,2011-02-26,based on conception date of sired cub
E-164,E,L,2011-08-10,
E-165,E,M,2010-01-07,
E-165,M,S,2010-10-13,
E-168,E,M,2010-12-03,
E-169,E,N,2010-12-13,
E-173,E,N,2010-12-19,
E-179,E,N,2011-11-23,
E-199,E,L,2013-12-03,
E-218,E,E,2015-10-20,
E-226,E,M,2016-11-18,
E-227,E,T,2017-12-14,
E-233,E,E,2018-08-26,
E-240,E,T,2018-12-07,
E-259,E,E,2018-12-16,
E-277,E,A,2020-01-27,
E-288,E,M,2021-12-31,could have joined another clan before joining Munge
E-304,E,M,2024-05-09,
E-305,E,S,2023-11-03,
E-306,E,S,2023-09-27,
E-308,E,S,2023-11-24,
E-311,E,M,2024-09-05,
E-314,E,M,2024-07-09,
E-320,E,M,2024-03-23,
E-323,E,M,2024-06-17,
E-325,E,M,2024-03-24,
E-332,E,M,2024-04-06,
E-333,E,M,2024-04-06,
F-040,X,F,1996-04-12,
F-041,X,F,1996-04-12,
F-042,X,F,1996-04-12,
F-043,X,F,1996-04-12,
F-044,X,F,1997-04-10,
F-045,F,M,2001-07-19,
F-080,F,T,2000-11-15,
F-080,T,N,2004-11-08,
F-084,F,L,2001-07-26,
F-088,F,N,2003-08-24,
F-090,F,N,2002-12-13,
F-100,F,M,2004-04-08,
F-112,F,A,2006-09-25,
F-115,F,A,2007-06-28,
F-128,F,A,2009-07-15,
F-135,F,A,2010-10-20,
F-139,F,A,2010-11-23,
F-140,F,F,2011-10-11,
F-145,F,F,2012-03-13,
F-145,F,T,2015-08-23,
F-146,F,A,2012-09-17,
F-147,F,A,2013-01-21,
F-154,F,T,2015-08-23,
F-160,F,A,2013-12-03,
F-167,F,A,2014-06-04,
F-174,F,T,2016-02-19,
F-183,F,F,2016-12-09,
F-202,F,T,2016-09-27,
F-208,F,F,2018-02-16,
F-208,F,A,2023-01-11,
F-209,F,F,2018-02-16,
F-210,F,T,2017-11-25,
F-214,F,A,2018-03-14,
F-219,F,A,2019-06-22,
F-221,F,A,2019-12-07,
F-224,F,A,2020-01-28,
F-230,F,A,2020-02-13,
F-232,F,A,2019-02-08,
F-233,F,F,2018-11-23,based on conception date of sired cub
F-233,F,A,2021-10-15,
F-235,F,E,2020-04-14,
F-241,F,A,2022-03-08,
F-271,F,S,2024-05-06,
F-280,F,T,2023-02-14,
F-281,F,A,2023-11-07,
L-040,X,L,1996-04-12,
L-041,X,L,1996-04-12,
L-042,X,L,1996-04-12,
L-043,X,L,1996-04-12,
L-044,L,M,1997-04-09,
L-044,M,T,1998-10-05,
L-045,L,M,1997-02-22,
L-045,M,T,1998-10-27,
L-046,L,F,1998-11-09,
L-047,X,L,1996-04-12,
L-048,X,L,1996-04-12,
L-082,L,F,1999-12-31,
L-082,F,Y,2008-04-21,
L-082,Y,L,2010-04-18,
L-083,L,F,1998-11-09,
L-086,L,T,2000-09-22,
L-089,L,F,1999-04-05,
L-090,L,F,1999-12-15,
L-090,F,N,2002-11-21,
L-093,L,F,2000-09-12,
L-095,L,A,2001-07-15,
L-106,L,S,2000-11-27,
L-108,L,L,2000-10-31,
L-108,L,A,2001-07-31,
L-111,L,A,2002-12-12,
L-116,L,E,2001-11-25,
L-116,E,Y,2007-03-13,
L-116,Y,M,2007-11-18,
L-118,L,A,2001-07-13,
L-123,L,E,2001-11-25,
L-126,L,E,2001-11-26,
L-126,E,M,2004-04-19,
L-127,L,N,2002-07-18,
L-128,L,A,2001-07-21,
L-129,L,M,2002-04-02,
L-131,L,E,2001-11-25,
L-131,E,Y,2006-08-24,
L-131,Y,M,2006-10-02,
L-137,L,A,2004-05-11,
L-138,L,A,2004-10-20,
L-148,L,E,2004-06-10,
L-164,L,L,2006-02-05,
L-164,L,X,2008-05-03,
L-171,L,L,2005-06-22,
L-192,L,L,2007-04-16,
L-194,L,L,2005-07-23,
L-194,L,M,2006-01-20,
L-196,L,A,2006-09-20,
L-202,L,E,2007-02-21,
L-204,L,N,2007-02-23,
L-204,N,E,2007-11-10,
L-221,L,M,2007-05-11,
L-222,L,M,2007-04-27,
L-222,M,E,2008-02-21,
L-227,L,L,2007-12-16,
L-227,L,E,2009-08-28,
L-243,L,L,2007-04-23,
L-257,L,L,2008-11-27,
L-259,L,L,2008-02-04,
L-267,L,L,2012-10-02,
L-267,L,X,2013-08-26,
L-277,L,L,2010-02-02,
L-277,L,S,2013-05-10,
L-278,L,S,2010-03-05,
L-289,L,S,2011-07-24,
L-293,L,L,2010-01-17,
L-293,L,E,2010-11-19,
L-298,L,S,2011-08-03,
L-299,L,S,2010-10-13,
L-303,L,S,2011-08-20,
L-308,L,S,2011-08-12,
L-315,L,S,2013-11-20,
L-316,L,S,2011-08-03,
L-321,L,S,2013-03-30,
L-349,L,L,2013-02-16,
L-349,L,S,2013-11-20,
L-376,L,E,2014-05-30,
L-377,L,E,2014-12-04,
L-395,L,S,2017-10-22,
L-414,L,T,2017-01-13,
L-441,L,L,2017-12-19,
L-470,L,A,2023-02-04,
L-501,L,A,2022-03-04,
L-513,L,A,2022-03-08,
L-515,L,A,2023-02-01,
L-518,L,A,2023-02-01,
L-535,L,S,2024-11-18,
L-540,L,S,2024-10-23,
M-008,X,M,1996-04-12,
M-010,X,M,1996-04-12,
M-040,X,M,1996-04-12,
M-040,M,Y,2000-09-22,
M-041,M,A,1998-09-11,
M-041,A,L,2006-10-30,
M-042,M,E,1997-07-15,
M-042,E,N,2002-07-20,
M-045,X,M,1996-04-12,
M-046,X,M,1996-04-12,
M-047,M,L,1996-08-06,
M-050,X,M,1996-04-12,
M-051,M,A,1997-02-03,
M-051,A,Y,2010-05-22,
M-052,X,M,1996-04-12,
M-052,M,E,2001-09-17,
M-053,M,A,1996-04-12,
M-084,M,C,1999-12-09,
M-087,M,E,1998-11-04,
M-092,M,E,1998-11-08,
M-097,M,M,1998-09-07,
M-097,M,N,2002-04-23,
M-104,M,L,2001-07-15,
M-113,M,U,2000-02-21,
M-115,M,U,2000-01-11,
M-116,M,M,2000-09-15,
M-116,M,E,2002-11-22,
M-117,M,A,2002-07-14,
M-117,A,F,2003-09-29,
M-118,M,U,2000-02-12,
M-120,M,U,2000-02-23,
M-126,M,A,2001-07-21,
M-129,M,F,2001-07-21,
M-133,M,A,2001-07-21,
M-133,A,X,2004-06-18,
M-136,M,E,2002-05-22,
M-138,M,M,2002-06-22,
M-139,M,L,2003-11-09,
M-141,M,A,2001-07-13,
M-141,A,F,2004-12-30,
M-142,M,C,2004-05-29,
M-144,M,A,2003-03-26,
M-144,A,S,2004-10-13,
M-144,S,L,2010-03-14,
M-155,M,M,2004-02-29,based on conception date of sired cub
M-158,M,S,2004-10-13,
M-162,M,E,2004-06-10,
M-170,M,M,2004-05-29,
M-170,M,E,2004-10-14,
M-174,M,M,2004-04-15,
M-174,M,X,2007-12-11,
M-181,M,S,2005-07-13,
M-183,M,M,2006-02-06,
M-188,M,E,2004-10-14,
M-193,M,L,2005-07-09,
M-194,M,N,2007-03-12,
M-197,M,S,2005-07-13,
M-203,M,A,2007-11-17,
M-204,M,X,2007-03-04,
M-206,M,N,2007-03-12,
M-207,M,M,2005-09-22,
M-214,M,N,2007-02-23,
M-224,M,A,2007-11-17,
M-226,M,S,2008-03-01,
M-228,M,N,2008-04-19,
M-230,M,N,2008-04-19,
M-231,M,A,2008-10-21,
M-240,M,S,2008-11-14,
M-241,M,E,2007-12-13,
M-241,E,Y,2014-12-16,
M-241,Y,M,2016-11-19,
M-244,M,S,2008-02-29,
M-244,S,L,2010-01-05,
M-254,M,S,2008-10-25,
M-261,M,S,2009-07-02,
M-261,S,N,2011-11-26,
M-262,M,S,2009-07-28,
M-262,S,N,2011-07-20,
M-264,M,A,2008-11-12,
M-267,M,N,2010-04-30,
M-269,M,S,2009-07-31,
M-271,M,S,2009-07-18,
M-277,M,N,2011-07-20,
M-278,M,N,2011-11-26,
M-282,M,S,2010-10-23,
M-286,M,S,2010-10-13,
M-288,M,A,2010-11-01,
M-289,M,A,2010-11-01,
M-294,M,N,2011-11-26,
M-297,M,S,2010-10-23,
M-297,S,X,2012-11-09,
M-298,M,S,2010-10-11,
M-298,S,Y,2011-03-21,
M-298,Y,F,2013-02-16,
M-301,M,N,2011-11-20,
M-301,N,Y,2012-05-17,
M-301,Y,F,2013-03-09,
M-320,M,E,2013-04-19,
M-331,M,E,2014-06-06,
M-363,M,E,2015-01-05,
M-365,M,E,2014-11-29,
M-367,M,N,2016-12-22,
M-398,M,M,2016-11-23,
M-408,M,M,2019-02-13,
M-409,M,M,2018-09-22,
M-417,M,E,2018-02-11,
M-425,M,M,2018-09-18,
M-426,M,M,2018-09-18,
M-431,M,M,2019-04-17,
M-435,M,N,2020-08-24,
M-448,M,N,2021-09-26,
M-453,M,M,2021-07-27,
M-455,M,N,2021-09-26,
M-464,M,N,2022-03-21,
M-470,M,N,2022-07-05,
M-472,M,M,2023-11-19,
M-474,M,E,2022-12-12,
M-491,M,N,2023-10-08,
M-501,M,M,2023-07-26,
N-042,N,M,1997-04-15,
N-043,N,L,1997-01-22,
N-044,X,N,1996-04-12,
N-045,N,M,1997-03-28,
N-046,N,M,1998-04-02,
N-047,N,E,1999-12-14,
N-047,E,M,2007-03-17,
N-082,N,S,2001-08-14,
N-082,S,N,2002-07-18,
N-083,N,S,2001-09-19,
N-083,S,Y,2002-12-11,
N-088,N,S,2001-09-08,
N-093,N,X,2001-09-11,
N-094,N,S,2001-09-07,
N-103,N,T,2003-08-01,
N-109,N,N,2005-05-16,
N-115,N,M,2007-11-29,
N-118,N,T,2007-11-11,
N-120,N,U,2008-03-19,
N-123,N,M,2007-12-28,
N-125,N,N,2009-04-14,
N-125,N,S,2015-07-28,
N-129,N,N,2008-04-19,
N-129,N,T,2009-06-05,
N-137,N,T,2011-06-06,
N-138,N,T,2011-06-02,
N-139,N,T,2010-07-29,
N-144,N,N,2011-02-09,
N-144,N,M,2013-04-08,
N-147,N,T,2010-08-28,
N-148,N,T,2010-08-28,
N-155,N,N,2011-07-21,
N-164,N,S,2013-05-06,
N-173,N,M,2013-02-15,
N-173,M,E,2014-12-10,
N-176,N,S,2013-05-12,
N-177,N,S,2013-05-07,
N-183,N,A,2014-06-06,
N-196,N,M,2015-07-30,
N-198,N,M,2015-07-30,
N-211,N,M,2016-11-18,
N-221,N,N,2016-11-19,
N-228,N,M,2018-02-08,
N-238,N,M,2019-02-25,
N-240,N,M,2017-10-14,
N-254,N,F,2020-02-18,
N-257,N,M,2021-04-14,based on conception date of sired cub
N-261,N,M,2021-09-04,
N-275,N,L,2021-09-15,
N-282,N,F,2022-02-23,
N-292,N,E,2023-02-11,
N-296,N,E,2024-07-02,
N-297,N,T,2024-06-03,as of 2024-07-02 only seen twice in T-territory within a period of two weeks in June 2024
R-040,X,R,1997-07-17,
R-080,R,M,1999-04-06,
R-080,M,X,2000-03-05,
S-040,X,S,1996-04-12,
S-041,S,E,1997-03-02,
S-042,S,F,1998-10-05,
S-042,F,L,2004-10-13,
S-043,S,A,1997-06-24,
S-043,A,Y,1999-11-29,
S-043,Y,S,2001-09-08,
S-080,S,S,1998-09-18,
S-080,S,N,2002-07-17,
S-085,S,N,2002-07-17,
S-087,S,N,2002-07-18,
S-087,N,Y,2007-04-26,
S-087,Y,F,2008-10-04,
S-088,S,S,2000-10-17,
S-091,S,A,2005-06-15,
S-091,A,Y,2013-02-12,
S-091,Y,F,2014-12-15,
S-093,S,L,2005-06-24,
S-101,S,L,2006-02-18,
S-113,S,L,2008-01-02,
S-114,S,L,2008-02-05,
S-117,S,E,2009-04-01,
S-123,S,A,2009-03-30,
S-124,S,L,2009-08-10,
S-135,S,S,2011-08-06,
S-140,S,S,2012-09-10,
S-142,S,N,2011-11-28,
S-146,S,L,2012-10-02,
S-147,S,X,2012-03-04,
S-154,S,A,2014-06-15,
S-163,S,F,2016-04-15,
S-174,S,F,2014-12-15,
S-179,S,N,2016-04-21,
S-183,S,N,2016-11-19,
S-188,S,S,2015-12-28,based on conception date of sired cub
S-188,S,M,2023-11-12,
S-189,S,S,2015-12-27,
S-190,S,T,2016-02-27,
S-190,T,L,2023-01-17,
S-213,S,L,2016-11-28,
S-224,S,S,2018-04-28,
S-224,S,A,2022-12-06,
S-225,S,N,2019-02-03,
S-249,S,S,2020-06-18,
S-275,S,L,2020-11-21,
S-292,S,S,2020-09-26,
S-312,S,L,2021-09-17,
S-316,S,L,2021-10-11,
S-353,S,M,2024-05-11,
S-354,S,M,2024-04-06,
S-356,S,L,2023-01-17,
S-357,S,L,2023-01-17,
S-360,S,L,2023-07-20,
S-373,S,M,2024-03-12,
S-376,S,A,2023-02-03,
S-377,S,A,2023-12-21,
S-398,S,M,2024-05-09,
T-003,X,T,1996-04-12,
T-006,X,T,1996-04-12,
T-040,T,S,1998-08-20,
T-080,T,N,1999-11-10,
T-091,T,M,2004-04-12,
T-099,T,N,2007-02-23,
T-108,T,T,2007-01-14,
T-110,T,M,2007-02-22,
T-110,M,Y,2007-05-24,
T-110,Y,N,2009-12-24,
T-111,T,M,2007-02-18,
T-111,M,Y,2007-04-21,
T-111,Y,N,2009-04-12,
T-116,T,F,2010-05-04,
T-136,T,X,2016-11-12,
T-143,T,F,2015-01-04,
T-147,T,F,2015-01-04,
T-162,T,L,2019-09-27,
T-169,T,C,2021-01-27,date calculated as mean between last sight in Triangle (20200122) and first sight in Campsite (20220201)
T-171,T,L,2020-08-13,could already have immigrated on 2020-01-17 when intruding in S-terr together with A-264
T-190,T,T,2021-03-13,
T-198,T,E,2021-09-03,
T-198,E,M,2024-01-15,
T-200,T,L,2021-10-11,
U-040,X,U,2004-04-08,
U-080,U,M,2004-04-08,
U-088,U,M,2009-08-24,
X-006,X,M,1997-01-21,
X-010,X,E,2001-11-29,
X-010,E,S,2003-07-31,
X-014,X,L,2000-02-21,
X-017,X,A,1999-12-09,
X-018,X,S,2000-09-16,
X-019,X,S,2001-08-11,
X-024,X,A,2001-07-31,
X-025,X,N,2002-07-18,
X-040,X,U,2003-10-27,
X-041,X,T,2003-10-10,
X-061,X,L,2007-11-19,
X-062,X,M,2007-11-29,
X-063,X,A,2007-11-24,
X-065,X,E,2007-12-13,
X-066,X,M,2008-01-09,
X-067,X,N,2008-04-27,
X-068,X,A,2008-09-30,
X-072,X,A,2009-12-29,
X-075,X,N,2010-12-16,
X-083,X,E,2012-03-29,
X-088,X,E,2014-05-30,
X-091,X,F,2015-08-21,
X-094,X,N,2015-01-16,
X-095,X,N,2015-09-07,
X-096,X,E,2015-09-08,
X-100,X,M,2014-12-30,
X-104,X,A,2016-03-23,
X-106,X,M,2015-11-23,
X-107,X,U,2009-06-24,
X-108,X,U,2008-09-29,
X-109,X,C,2002-11-15,
X-112,X,M,2017-12-09,
X-113,X,M,2016-12-04,
X-117,X,M,2017-10-14,
X-150,X,L,2021-11-07,
X-151,X,L,2021-10-12,
X-152,X,T,2021-10-31,as of 2024-07-02 only seen once in T-territory (in June 2024; before seen in L-territory in Oct 2021 and N-territory in July 2022)
X-154,X,M,2022-09-12,
X-155,X,F,2022-04-09,
X-159,X,F,2023-01-23,as of 2024-07-02 only seen twice in F-territory within a month
X-162,X,E,2022-09-26,
X-166,X,N,2023-10-09,
